Product_ID,Name,SKU,Color,SurfaceFinish,Compliance,CostPerUnit,PricePerUnit,ConstructionTime_Days,Quantity,Category,Description,Length,Width,Thickness,Weight,EventTimestamp
1,Cellulose Blown-In Insulation,Dc581yM,Ivory,Organization,False,20.19,25.61,20,694,Insulation,Write field fly whatever vote next deep a.,8.05,0.88,0.81,5.22,2024-06-11 20:44:27.756071
2,Designer Paving Stones,YT092RN,HoneyDew,Since,True,27.16,34.87,15,882,Bricks and Blocks,Expert south hundred bed modern.,3.29,3.14,0.27,1.81,2024-06-11 20:44:27.756071
3,Aluminum Roofing Panels,Hu652Ym,BlanchedAlmond,Mind,False,13.48,26.84,6,899,Steel and Metal,Agency give hotel all arrive.,6.05,0.65,0.62,17.93,2024-06-11 20:44:27.756071
4,Asphalt Shingles,Yi062zd,Cornsilk,Military,False,37.71,56.13,28,782,Roofing,Open tend bar degree who.,8.42,4.37,0.95,3.05,2024-06-11 20:44:27.756071
5,Spray Foam Insulation Kit,om990yi,LightPink,Response,True,47.69,66.95,13,769,Insulation,Among new offer visit.,4.73,1.07,0.66,37.41,2024-06-11 20:44:27.756071
6,Lightweight Concrete Aggregate,Nh278VJ,CadetBlue,Price,True,40.56,53.4,10,597,Concrete and Cement,We whose what cost father green.,1.17,2.68,0.82,15.32,2024-06-11 20:44:27.757110
7,Architectural Clay Brick,zN955dv,Moccasin,Leg,False,47.21,62.82,23,27,Bricks and Blocks,Say inside political possible staff house analysis.,3.27,4.6,0.64,15.62,2024-06-11 20:44:27.757110
8,High-Strength Concrete Mix,zd736Gz,MediumPurple,Who,False,23.78,26.74,14,493,Concrete and Cement,Congress audience about relationship.,6.08,2.57,0.66,39.49,2024-06-11 20:44:27.757110
9,Clay Roof Shingles,Qp984LG,CadetBlue,Arm,False,33.4,45.72,7,688,Roofing,Table now player size lay American keep box.,7.83,3.99,0.64,13.79,2024-06-11 20:44:27.757110
10,Insulated Concrete Block,nA479vb,MistyRose,Try,True,36.19,40.46,22,298,Bricks and Blocks,Still entire ability hard dark know.,9.43,4.45,0.92,8.67,2024-06-11 20:44:27.757110
11,Lightweight Concrete Aggregate,Ea429fq,FloralWhite,Effort,True,44.8,57.13,25,189,Concrete and Cement,Near resource story conference toward design.,1.46,4.76,0.94,30.96,2024-06-11 20:44:27.757110
12,Rock Wool Insulation,ob855eU,LightCyan,Doctor,True,21.26,34.47,1,648,Insulation,Fly lawyer over his effort black.,3.38,3.58,0.2,24.6,2024-06-11 20:44:27.757614
13,Asphalt Shingles,ZE357ao,DarkSlateGray,Identify,True,30.09,44.24,2,851,Roofing,Middle movement idea.,1.78,3.79,0.82,45.93,2024-06-11 20:44:27.757614
14,Asphalt Shingles,oz471tY,BlueViolet,Memory,True,7.98,21.24,22,89,Roofing,Effort head around pass style name.,2.03,1.72,0.6,2.85,2024-06-11 20:44:27.757614
15,Spray Foam Insulation Kit,Rm089zU,GoldenRod,Maintain,False,6.11,9.43,1,659,Insulation,Picture policy risk.,0.85,3.95,0.18,26.87,2024-06-11 20:44:27.757614
16,Quick-Set Cement,UI704Io,Purple,Hair,True,47.4,54.05,25,802,Concrete and Cement,Bag read after serious rise college total.,7.22,4.76,0.29,48.93,2024-06-11 20:44:27.757614
17,Insulated Concrete Block,Qg649YT,DarkMagenta,Enjoy,True,11.34,12.39,24,367,Bricks and Blocks,Movie and improve send current foot would anything.,1.02,1.61,0.97,48.27,2024-06-11 20:44:27.757614
18,Aluminum Roofing Panels,Cw767GG,Aquamarine,Listen,False,15.69,19.5,17,926,Steel and Metal,New opportunity party home.,4.55,2.66,0.35,26.86,2024-06-11 20:44:27.757614
19,High-Strength Concrete Mix,fj121mM,Ivory,House,False,46.49,64.77,19,453,Concrete and Cement,Newspaper thank left star star thousand.,2.59,0.97,0.19,14.57,2024-06-11 20:44:27.758139
20,Spray Foam Insulation Kit,Kh480dO,AliceBlue,Reveal,True,10.48,20.54,26,772,Insulation,Rich then trade way level two.,3.9,3.7,0.89,29.35,2024-06-11 20:44:27.758139
21,Insulated Concrete Block,Fe103In,LightCyan,Thousand,True,36.01,41.91,28,844,Bricks and Blocks,Threat performance strategy.,4.42,0.84,0.29,47.41,2024-06-11 20:44:27.758139
22,Clay Roof Shingles,Ec545aA,SaddleBrown,True,True,42.75,51.43,14,448,Roofing,Store baby pull far.,7.58,2.38,0.52,39.63,2024-06-11 20:44:27.758139
23,Quick-Set Cement,zM322jb,FireBrick,Win,False,15.68,18.64,7,777,Concrete and Cement,Now many billion world give then we.,4.0,1.34,0.45,6.3,2024-06-11 20:44:27.758139
24,Insulated Concrete Block,Jl611AX,Orange,Church,True,43.94,47.96,27,469,Bricks and Blocks,Relate strong half what east character do find.,6.93,3.71,0.5,45.17,2024-06-11 20:44:27.758139
25,Waterproof Cement Coating,SW989Rv,MediumBlue,Light,True,16.92,28.19,2,430,Concrete and Cement,Avoid past hospital bed many.,6.04,1.49,0.7,19.01,2024-06-11 20:44:27.758139
26,Cellulose Blown-In Insulation,sv208mr,GreenYellow,Old,True,49.67,57.74,13,674,Insulation,Sure meet factor century.,3.51,2.91,0.15,7.89,2024-06-11 20:44:27.758139
27,Rock Wool Insulation,lD587hm,NavajoWhite,Same,True,49.27,64.22,16,606,Insulation,Face rise question kid development enjoy.,7.66,2.31,0.22,29.48,2024-06-11 20:44:27.758139
28,Quick-Set Cement,yt445Mc,LightSkyBlue,Writer,True,41.07,51.95,1,411,Concrete and Cement,Remember suffer particular husband such individual.,8.77,1.15,0.23,0.65,2024-06-11 20:44:27.758139
29,Architectural Clay Brick,ET403vb,Wheat,Power,False,16.26,34.55,17,953,Bricks and Blocks,Rock seem require firm fact feeling vote.,5.37,1.99,0.69,39.62,2024-06-11 20:44:27.758139
30,Metal Roof Tiles,dg513hu,DarkGray,Firm,True,13.71,22.72,27,204,Roofing,Among rich air lot loss plan.,0.61,1.61,0.55,24.56,2024-06-11 20:44:27.758139
31,Reflective Foil Insulation,xb506KR,Moccasin,Despite,True,22.28,36.61,15,987,Insulation,Mother argue class staff bed weight.,1.67,4.7,0.33,33.35,2024-06-11 20:44:27.758139
32,Metal Roof Tiles,Vf913iO,Tomato,Attack,True,16.58,36.0,8,365,Roofing,Themselves society agency again area light.,4.92,3.6,0.62,7.44,2024-06-11 20:44:27.759145
33,Quick-Set Cement,yZ147pF,PowderBlue,Us,False,26.68,40.72,23,891,Concrete and Cement,Strategy develop court cell magazine.,0.96,1.21,0.56,7.37,2024-06-11 20:44:27.759145
34,Galvanized Steel Sheet,oZ516XC,AliceBlue,Sort,False,11.23,24.14,24,84,Steel and Metal,Because our whatever threat half choice note available.,9.41,1.56,0.69,14.89,2024-06-11 20:44:27.759145
35,Reinforced Concrete Slab,cm175eO,LavenderBlush,Leave,True,46.32,51.01,29,23,Concrete and Cement,Method themselves buy sea station.,5.81,4.5,0.34,32.19,2024-06-11 20:44:27.759145
36,Synthetic Slate Roofing,lw343nm,DimGray,Item,True,35.44,40.9,12,679,Roofing,Everyone forget language option.,4.32,2.89,0.44,8.23,2024-06-11 20:44:27.759145
37,Aluminum Roofing Panels,Ad431WK,RosyBrown,Us,False,23.59,36.47,30,588,Steel and Metal,Ball million eat safe sound along.,7.02,1.01,0.75,40.32,2024-06-11 20:44:27.759145
38,Fiberglass Insulation Rolls,hW770VK,Aqua,Policy,False,45.45,63.22,23,701,Insulation,Expect Democrat whom center east.,7.65,3.25,0.68,29.33,2024-06-11 20:44:27.759145
39,Reflective Foil Insulation,db515Hf,MidnightBlue,Media,False,10.37,24.18,27,217,Insulation,Information consumer trouble experience plant specific.,5.84,4.73,0.66,27.63,2024-06-11 20:44:27.759145
40,Welded Wire Mesh,dR579iz,HotPink,Do,False,31.94,51.49,22,607,Steel and Metal,Watch several live hit lot.,1.7,4.35,0.24,31.67,2024-06-11 20:44:27.759145
41,Eco-Friendly Cinder Block,Vy476Dj,PaleTurquoise,Personal,True,7.68,18.23,27,187,Bricks and Blocks,Admit accept fly sport whom.,1.5,4.97,0.57,4.45,2024-06-11 20:44:27.759145
42,Classic Red Brick,hj958IM,MediumSpringGreen,Each,True,15.58,17.63,13,884,Bricks and Blocks,All story agency magazine human.,3.95,1.37,0.85,15.25,2024-06-11 20:44:27.759145
43,Galvanized Steel Sheet,VI568qO,PaleVioletRed,Positive,False,11.7,17.46,29,241,Steel and Metal,Inside some position happy police after another.,5.48,3.14,0.77,2.22,2024-06-11 20:44:27.759145
44,Stainless Steel Rods,qY358Uz,PaleVioletRed,Election,False,10.9,26.53,21,181,Steel and Metal,Cultural camera kid morning according who accept.,5.84,2.67,0.28,25.45,2024-06-11 20:44:27.759145
45,Waterproof Cement Coating,LK901BL,Blue,Particularly,False,44.99,63.5,2,458,Concrete and Cement,Cause short speech challenge brother.,2.47,2.67,0.2,37.19,2024-06-11 20:44:27.759145
46,Galvanized Steel Sheet,Xx236rU,GhostWhite,Mr,False,17.71,18.78,19,338,Steel and Metal,Whatever reflect important subject measure thing.,5.27,4.33,0.56,13.28,2024-06-11 20:44:27.759145
47,Welded Wire Mesh,nP741is,DarkTurquoise,Business,False,46.99,59.54,20,577,Steel and Metal,How ten I tax middle huge somebody.,7.32,2.64,0.5,18.28,2024-06-11 20:44:27.760150
48,Spray Foam Insulation Kit,jJ431Gy,SaddleBrown,Network,False,45.47,60.26,4,184,Insulation,Part open relate other deep less fill.,5.91,1.39,0.59,37.08,2024-06-11 20:44:27.760150
49,Classic Red Brick,tJ939PB,DeepPink,Fact,True,24.41,39.61,17,31,Bricks and Blocks,Win court although condition magazine agency eight.,7.32,4.59,0.87,26.73,2024-06-11 20:44:27.760150
50,Eco-Friendly Cinder Block,iM319Xe,LavenderBlush,Back,False,38.51,46.53,23,965,Bricks and Blocks,First believe never cover.,8.03,2.98,0.95,24.18,2024-06-11 20:44:27.760150
51,Architectural Clay Brick,QH032zj,Lavender,Term,False,14.33,24.94,24,63,Bricks and Blocks,Charge space certainly finish force.,8.88,1.32,0.91,40.63,2024-06-11 20:44:27.760150
52,Spray Foam Insulation Kit,ti710Ra,MediumPurple,Gun,True,48.9,57.43,1,907,Insulation,Go international record security.,1.23,1.28,0.38,18.42,2024-06-11 20:44:27.760150
53,Welded Wire Mesh,Kl758wM,Chartreuse,Will,False,6.69,21.34,14,839,Steel and Metal,Poor answer shake ahead ground.,8.37,0.92,0.88,45.91,2024-06-11 20:44:27.760150
54,Cellulose Blown-In Insulation,Ig526fX,LightSalmon,Throw,True,13.5,23.91,21,725,Insulation,Side senior direction space national authority staff nearly.,0.98,4.84,0.81,21.25,2024-06-11 20:44:27.760150
55,Galvanized Steel Sheet,Iw308WX,Yellow,Condition,True,21.17,30.94,6,918,Steel and Metal,Executive other recognize power rate.,1.12,2.02,0.18,31.23,2024-06-11 20:44:27.760150
56,Reinforced Concrete Slab,nd687zl,MediumBlue,Address,True,48.43,50.14,11,761,Concrete and Cement,Act ground your father choice clearly.,2.83,0.92,0.95,18.19,2024-06-11 20:44:27.760150
57,Rock Wool Insulation,US185Mf,Aquamarine,Scene,False,24.83,25.85,1,262,Insulation,More either message plant.,9.26,4.21,0.11,37.04,2024-06-11 20:44:27.760150
58,Spray Foam Insulation Kit,yH463wt,SandyBrown,Operation,True,49.8,58.63,7,524,Insulation,Sense clear foot contain.,9.68,4.03,0.2,35.54,2024-06-11 20:44:27.760150
59,Reinforced Concrete Slab,eU732fo,Peru,Score,False,35.03,52.76,20,448,Concrete and Cement,Writer type girl whether choose beyond.,9.07,3.32,0.74,36.81,2024-06-11 20:44:27.760150
60,Rock Wool Insulation,TI958WO,MediumTurquoise,Must,True,20.72,25.56,22,936,Insulation,Early here pass let method.,4.35,1.37,0.72,41.42,2024-06-11 20:44:27.760150
61,Solar Roof Panels,Ol707Vl,Purple,Break,True,18.2,33.49,19,616,Roofing,Think individual huge statement program degree.,4.29,0.79,0.41,46.35,2024-06-11 20:44:27.760150
62,Waterproof Cement Coating,Kv376Eu,Gainsboro,Clearly,True,46.5,52.55,18,418,Concrete and Cement,Parent thought pass section dinner including.,6.72,4.91,0.24,29.57,2024-06-11 20:44:27.760150
63,Aluminum Roofing Panels,oR817Lo,DarkSlateBlue,Whose,False,41.34,46.36,17,584,Steel and Metal,Moment trial know certainly someone.,2.04,4.08,0.18,14.5,2024-06-11 20:44:27.761145
64,Waterproof Cement Coating,jt318vV,LavenderBlush,Toward,True,21.01,35.9,16,203,Concrete and Cement,Activity forget air able part.,6.5,4.31,0.35,30.43,2024-06-11 20:44:27.761145
65,Synthetic Slate Roofing,Yg680bs,Blue,Try,True,20.37,32.27,26,902,Roofing,Certainly clearly number maintain should.,8.39,3.98,0.82,12.49,2024-06-11 20:44:27.761145
66,Welded Wire Mesh,sh427bk,CornflowerBlue,Ever,False,15.3,25.64,15,20,Steel and Metal,War late husband smile civil school their.,4.7,2.68,0.76,1.88,2024-06-11 20:44:27.761145
67,Reflective Foil Insulation,RJ623gS,DeepSkyBlue,Point,True,7.44,15.93,3,428,Insulation,Political by someone.,4.99,3.64,0.31,14.74,2024-06-11 20:44:27.761145
68,Metal Roof Tiles,oN757VS,PaleGreen,Market,True,8.25,28.22,7,855,Roofing,Wide stage and peace three tell generation bed.,5.34,0.86,0.34,29.8,2024-06-11 20:44:27.761145
69,Classic Red Brick,Jw941DW,LemonChiffon,Save,True,47.02,66.43,27,856,Bricks and Blocks,Open be child let offer.,7.35,0.62,0.22,24.13,2024-06-11 20:44:27.761145
70,Cellulose Blown-In Insulation,pS802GF,DarkGoldenRod,Other,True,8.64,22.24,29,679,Insulation,Here dream case culture night mean art.,6.61,2.56,0.2,15.0,2024-06-11 20:44:27.761145
71,Asphalt Shingles,Ow549vO,PaleGreen,Citizen,True,41.99,43.41,13,757,Roofing,Serve significant foreign Democrat.,6.75,2.4,0.98,46.24,2024-06-11 20:44:27.761145
72,Architectural Clay Brick,Bi556ad,White,Recent,True,20.48,31.9,26,4,Bricks and Blocks,Interview scientist he song.,0.88,0.54,0.62,22.09,2024-06-11 20:44:27.761145
73,Architectural Clay Brick,OA195MG,Plum,Push,True,8.39,10.24,2,223,Bricks and Blocks,Now will head close.,1.93,1.07,0.9,7.86,2024-06-11 20:44:27.761145
74,Stainless Steel Rods,za844AO,Olive,Discover,False,44.82,57.26,26,572,Steel and Metal,Particularly community center after represent.,9.14,4.49,0.61,37.94,2024-06-11 20:44:27.761145
75,Lightweight Concrete Aggregate,QL586bX,Lavender,Pick,False,49.35,50.65,18,445,Concrete and Cement,Artist employee great.,7.58,4.5,0.76,23.72,2024-06-11 20:44:27.761145
76,Lightweight Concrete Aggregate,ox179oG,Beige,Draw,False,16.18,21.07,15,89,Concrete and Cement,Understand avoid evening situation wrong show.,8.32,2.29,0.85,14.79,2024-06-11 20:44:27.761145
77,Synthetic Slate Roofing,Yr886tU,Cornsilk,My,True,46.3,55.68,3,25,Roofing,Arrive recently check I expert.,9.53,3.53,0.45,35.26,2024-06-11 20:44:27.761145
78,Designer Paving Stones,mC420oV,Brown,Too,False,17.44,36.11,6,182,Bricks and Blocks,Side plan yourself office century.,9.0,2.9,0.8,25.54,2024-06-11 20:44:27.761145
79,Fiberglass Insulation Rolls,mL893qV,RosyBrown,Significant,False,48.34,52.17,6,419,Insulation,Item remain cut beautiful increase whatever after.,4.5,3.17,0.35,6.33,2024-06-11 20:44:27.762145
80,Insulated Concrete Block,lV147xn,Maroon,Personal,True,25.45,33.09,3,613,Bricks and Blocks,Southern reflect president thank camera short.,5.2,1.83,0.61,23.1,2024-06-11 20:44:27.762145
81,Reflective Foil Insulation,FW876kS,NavajoWhite,Have,False,11.02,21.19,5,123,Insulation,Do act base bring event.,3.53,4.99,0.11,37.04,2024-06-11 20:44:27.762145
82,Spray Foam Insulation Kit,Bp199iJ,Fuchsia,Describe,False,6.81,10.79,3,708,Insulation,Look result age seem various forget.,1.1,3.19,0.2,16.83,2024-06-11 20:44:27.762145
83,Lightweight Concrete Aggregate,rc026hj,SeaShell,Enjoy,True,19.75,29.41,29,812,Concrete and Cement,Focus mouth bed him.,9.38,0.78,0.56,11.51,2024-06-11 20:44:27.762145
84,Eco-Friendly Cinder Block,Oy984QA,PaleGreen,Such,False,36.58,39.22,23,279,Bricks and Blocks,News think movie outside she individual.,9.85,2.79,0.55,34.62,2024-06-11 20:44:27.762145
85,Insulated Concrete Block,mf085JX,DarkRed,Eight,False,13.0,32.09,27,534,Bricks and Blocks,Now finish language without moment act.,5.44,2.43,0.32,44.25,2024-06-11 20:44:27.762145
86,Classic Red Brick,sM902pN,SaddleBrown,Me,False,16.23,23.65,18,166,Bricks and Blocks,Kind that pay also shoulder could.,5.23,3.82,0.48,1.74,2024-06-11 20:44:27.762145
87,Architectural Clay Brick,sr202ln,AntiqueWhite,Forget,True,5.25,9.12,16,992,Bricks and Blocks,Indicate treatment page able let star teach.,1.39,4.78,0.41,22.43,2024-06-11 20:44:27.762145
88,Aluminum Roofing Panels,NZ625Zs,WhiteSmoke,Move,True,48.27,58.58,5,277,Steel and Metal,Clearly professor put yes.,1.81,0.78,0.31,16.76,2024-06-11 20:44:27.762145
89,Quick-Set Cement,pH023eq,PaleGoldenRod,Suffer,True,7.53,21.45,3,289,Concrete and Cement,Teacher agree ability put stuff remember imagine.,6.96,3.83,0.21,2.81,2024-06-11 20:44:27.762145
90,Synthetic Slate Roofing,DM260ID,Thistle,Shoulder,False,37.98,48.73,1,548,Roofing,Later think commercial trouble rate.,3.14,4.76,0.45,31.12,2024-06-11 20:44:27.762145
91,Clay Roof Shingles,kP737UG,NavajoWhite,Choice,True,36.78,51.72,19,91,Roofing,Kid help law term.,7.14,0.79,0.51,37.17,2024-06-11 20:44:27.762145
92,Architectural Clay Brick,zs449wG,DarkMagenta,Consumer,True,36.86,45.27,4,814,Bricks and Blocks,Trial opportunity beat college add entire drop box.,5.35,0.55,0.3,36.64,2024-06-11 20:44:27.762145
93,Reinforced Concrete Slab,gT693uj,SteelBlue,Heart,False,27.9,36.0,5,430,Concrete and Cement,Four hit pattern score science.,4.11,2.15,0.63,27.16,2024-06-11 20:44:27.762145
94,Classic Red Brick,oV739Ln,OliveDrab,Worker,True,30.96,43.86,23,646,Bricks and Blocks,Think forget laugh interesting TV notice century.,6.71,2.96,0.12,8.28,2024-06-11 20:44:27.762145
95,Spray Foam Insulation Kit,TB546NE,OldLace,Less,True,24.24,37.74,9,878,Insulation,Day able character approach fly.,5.24,1.69,0.27,20.92,2024-06-11 20:44:27.762145
96,Cellulose Blown-In Insulation,Tu543lJ,Orchid,Write,False,44.04,55.93,29,431,Insulation,Measure read hotel nor leg majority.,4.12,3.91,0.85,14.78,2024-06-11 20:44:27.763145
97,Insulated Concrete Block,Hm456Nt,DarkGreen,Task,True,46.16,51.9,13,566,Bricks and Blocks,Of top your tax voice.,4.12,2.56,0.94,15.33,2024-06-11 20:44:27.763145
98,Cellulose Blown-In Insulation,sM567YQ,GreenYellow,Carry,True,49.5,63.88,19,560,Insulation,Bed room course per person election soon tend.,2.66,3.88,0.93,48.29,2024-06-11 20:44:27.763145
99,Eco-Friendly Cinder Block,MP398Ik,Ivory,Professional,False,45.57,50.22,30,227,Bricks and Blocks,Item dog reduce statement item north adult.,1.73,0.52,0.57,0.86,2024-06-11 20:44:27.763145
100,Spray Foam Insulation Kit,Co947vX,DarkOrchid,Court,False,39.76,45.28,29,427,Insulation,Over billion yeah ability similar school bill.,2.95,4.39,0.35,28.07,2024-06-11 20:44:27.763145
101,Aluminum Roofing Panels,kM610Lo,LightGray,Party,False,38.51,46.93,13,117,Steel and Metal,Seat civil study best.,3.51,2.08,1.0,33.29,2024-06-11 20:44:27.763145
102,Cellulose Blown-In Insulation,Iv139Mh,HoneyDew,Bed,True,29.73,42.34,20,909,Insulation,Son the ground bank worker very see particularly.,0.59,1.71,0.17,4.04,2024-06-11 20:44:27.763145
103,Eco-Friendly Cinder Block,dW413Qy,MediumPurple,Still,True,20.03,27.4,21,744,Bricks and Blocks,Mouth response sell compare democratic argue similar.,9.95,4.85,0.19,34.15,2024-06-11 20:44:27.763145
104,Classic Red Brick,sZ625Vl,Brown,Almost,False,36.81,54.56,23,768,Bricks and Blocks,Dog computer agency main foot religious public than.,7.15,1.91,0.35,36.14,2024-06-11 20:44:27.763145
105,Insulated Concrete Block,tj050gs,PaleVioletRed,Enough,False,30.86,38.25,12,545,Bricks and Blocks,And set then wind floor.,1.77,2.0,0.13,31.27,2024-06-11 20:44:27.763145
106,Synthetic Slate Roofing,zd870vd,Magenta,College,False,46.11,50.34,1,460,Roofing,Subject lose decade your.,5.66,4.37,0.78,41.85,2024-06-11 20:44:27.763145
107,Waterproof Cement Coating,eF556Mc,SeaGreen,Simply,True,39.48,58.0,10,676,Concrete and Cement,Sure remain many whom society.,4.7,4.44,0.45,6.82,2024-06-11 20:44:27.763145
108,Solar Roof Panels,cR537sO,Black,Reach,True,40.18,56.74,2,77,Roofing,Thank responsibility them matter.,9.89,3.69,0.78,47.87,2024-06-11 20:44:27.763145
109,Asphalt Shingles,Ol178Ba,Gray,Environmental,True,44.5,46.71,30,332,Roofing,Forget quickly true executive certain capital.,7.15,3.94,0.41,20.28,2024-06-11 20:44:27.763145
110,Designer Paving Stones,VO769ut,FireBrick,Partner,True,45.97,58.89,28,228,Bricks and Blocks,Issue social play quality near.,9.73,3.74,0.89,22.77,2024-06-11 20:44:27.763145
111,Asphalt Shingles,wP442xu,DarkCyan,Yes,True,23.73,35.59,12,40,Roofing,Treatment blood statement dream time.,9.79,4.31,0.23,18.97,2024-06-11 20:44:27.763145
112,Spray Foam Insulation Kit,YO363kb,PeachPuff,Some,True,26.45,42.67,6,263,Insulation,Reach fish he six point amount.,9.83,1.72,0.83,44.92,2024-06-11 20:44:27.763145
113,Asphalt Shingles,yn550ll,Peru,Step,True,16.55,30.92,2,442,Roofing,Hard sense woman east challenge.,1.01,3.61,0.32,8.64,2024-06-11 20:44:27.763145
114,Clay Roof Shingles,es719Uy,SlateGray,Pattern,True,33.76,50.75,11,786,Roofing,Man hold police short just.,7.3,2.25,0.71,14.79,2024-06-11 20:44:27.763145
115,Rock Wool Insulation,bQ065fE,DarkSlateBlue,Wish,False,29.14,38.48,7,763,Insulation,Resource business difficult perform reach sign yeah.,2.54,0.82,0.55,2.07,2024-06-11 20:44:27.763145
116,Waterproof Cement Coating,FL411Qd,MediumSeaGreen,Note,True,21.29,34.34,25,106,Concrete and Cement,Able industry treat worry prove break relate including.,7.47,4.8,0.81,33.61,2024-06-11 20:44:27.763145
117,Clay Roof Shingles,TJ265Bn,OliveDrab,Summer,True,19.04,32.51,6,738,Roofing,Trade general pay.,1.1,4.25,0.62,46.59,2024-06-11 20:44:27.763145
118,Synthetic Slate Roofing,bK412SM,LightSlateGray,Have,False,41.93,61.67,22,34,Roofing,Clear box expect true.,7.37,4.0,0.73,36.77,2024-06-11 20:44:27.763145
119,Cellulose Blown-In Insulation,iC630jk,Orchid,Indeed,True,22.45,32.1,19,23,Insulation,Keep always measure newspaper.,9.31,3.41,0.28,19.51,2024-06-11 20:44:27.763145
120,Galvanized Steel Sheet,JB707Yr,DarkSeaGreen,Century,True,17.16,18.76,14,887,Steel and Metal,Help car during report suffer nature.,4.59,0.68,0.96,25.12,2024-06-11 20:44:27.764650
121,Quick-Set Cement,PS455Kz,LightSeaGreen,Debate,True,47.88,67.2,5,623,Concrete and Cement,Turn financial between gun finish.,7.1,3.05,0.28,47.44,2024-06-11 20:44:27.764650
122,Cellulose Blown-In Insulation,zD662zu,DarkViolet,Subject,True,8.12,26.2,18,692,Insulation,Fact administration try certainly.,7.27,4.88,0.95,38.27,2024-06-11 20:44:27.764650
123,Copper Plumbing Pipes,JP653Rc,CornflowerBlue,Business,True,15.5,31.56,25,602,Steel and Metal,Risk instead really girl song.,2.23,2.86,0.68,33.46,2024-06-11 20:44:27.764650
124,Lightweight Concrete Aggregate,wx127lG,Azure,Himself,False,34.08,46.35,17,37,Concrete and Cement,South majority since decade list smile experience.,2.01,2.02,0.38,1.25,2024-06-11 20:44:27.764650
125,Rock Wool Insulation,Ds968hC,MediumTurquoise,Too,True,22.42,32.67,10,969,Insulation,Race main type and social off building.,6.87,4.5,0.73,39.21,2024-06-11 20:44:27.764650
126,Metal Roof Tiles,aB896Mr,BlanchedAlmond,Step,False,16.87,19.12,18,990,Roofing,Show cost computer whatever.,7.44,3.61,0.8,19.16,2024-06-11 20:44:27.764650
127,Asphalt Shingles,xi804mv,Aqua,Present,True,9.5,16.01,8,758,Roofing,Buy black those heart test head.,7.08,3.92,0.12,49.77,2024-06-11 20:44:27.764650
128,Quick-Set Cement,KP073VA,LightCyan,Long,True,11.54,19.37,29,720,Concrete and Cement,Western wear wonder senior matter.,1.17,2.34,0.34,1.1,2024-06-11 20:44:27.764650
129,Reinforced Concrete Slab,jp146NF,LightGreen,Bank,True,25.74,37.27,6,19,Concrete and Cement,Remain magazine unit fact event recent customer various.,0.71,0.59,0.89,41.38,2024-06-11 20:44:27.764650
130,Spray Foam Insulation Kit,Dh004vG,MediumSlateBlue,Question,True,30.15,39.25,2,832,Insulation,I election modern life help possible green from.,9.51,4.43,0.76,46.25,2024-06-11 20:44:27.764650
131,High-Strength Concrete Mix,IA080ZH,Cornsilk,Card,True,28.55,33.97,21,578,Concrete and Cement,Team decision relationship nor owner.,5.07,1.52,0.94,12.53,2024-06-11 20:44:27.764650
132,Synthetic Slate Roofing,Mc389Ow,Salmon,Some,True,22.14,35.29,13,28,Roofing,Eat seven outside none art product.,9.29,1.93,0.7,9.93,2024-06-11 20:44:27.764650
133,Metal Roof Tiles,HI894wt,LightGoldenRodYellow,Make,True,7.85,23.36,19,203,Roofing,Discussion use game appear foot everybody.,6.25,1.33,0.92,10.69,2024-06-11 20:44:27.764650
134,Welded Wire Mesh,nf994vS,Turquoise,Anyone,False,42.92,60.71,25,843,Steel and Metal,Create million marriage professional.,4.08,4.27,0.23,27.81,2024-06-11 20:44:27.764650
135,Synthetic Slate Roofing,Xg868nd,Navy,Large,False,41.73,47.99,27,429,Roofing,Still popular network before treatment why feeling.,6.85,3.68,0.34,11.46,2024-06-11 20:44:27.764650
136,Lightweight Concrete Aggregate,PG935mX,MediumOrchid,Garden,False,31.98,40.19,16,286,Concrete and Cement,Measure cup reveal face make tree blood customer.,3.32,3.16,0.3,49.5,2024-06-11 20:44:27.764650
137,Clay Roof Shingles,LE613sX,Teal,These,True,44.8,46.75,23,366,Roofing,May record against.,7.68,2.2,0.77,28.07,2024-06-11 20:44:27.764650
138,Designer Paving Stones,fX951LO,DarkRed,Class,False,15.41,32.04,30,985,Bricks and Blocks,Recent movie main.,6.65,0.61,0.98,1.17,2024-06-11 20:44:27.764650
139,Quick-Set Cement,WG485jL,Beige,Defense,True,18.1,20.01,5,807,Concrete and Cement,Reveal store skin business.,7.87,0.84,0.37,10.66,2024-06-11 20:44:27.764650
140,Welded Wire Mesh,Qc647wa,Cyan,Newspaper,False,28.79,37.18,16,895,Steel and Metal,Laugh say voice finish television return sea.,1.74,2.96,0.97,32.15,2024-06-11 20:44:27.765943
141,Classic Red Brick,YD374mW,LightBlue,Toward,True,6.86,21.45,22,79,Bricks and Blocks,Against reason add present defense.,1.61,4.84,0.13,38.87,2024-06-11 20:44:27.765943
142,Quick-Set Cement,HQ476Mv,DarkKhaki,Must,False,25.65,28.06,28,847,Concrete and Cement,Hard it speak letter edge maybe somebody.,9.8,0.69,0.9,2.8,2024-06-11 20:44:27.765943
143,Welded Wire Mesh,xD977Tx,LightGreen,Offer,True,17.74,29.69,3,816,Steel and Metal,Decision fight main ability range simple join.,1.09,1.48,0.28,9.76,2024-06-11 20:44:27.765943
144,Spray Foam Insulation Kit,Nw460aq,Gainsboro,Indeed,True,21.58,31.55,7,585,Insulation,His fear save partner provide able store.,7.24,2.55,0.6,45.34,2024-06-11 20:44:27.765943
145,High-Strength Concrete Mix,kk679OQ,NavajoWhite,Three,False,21.22,28.34,11,464,Concrete and Cement,Someone way be old open animal.,7.44,2.7,0.4,17.82,2024-06-11 20:44:27.765943
146,Waterproof Cement Coating,SP841og,DarkSalmon,Tough,False,43.48,47.55,30,761,Concrete and Cement,Such plan able human old.,2.66,2.62,0.68,6.85,2024-06-11 20:44:27.765943
147,Copper Plumbing Pipes,Te009ik,SpringGreen,Parent,False,24.0,41.36,22,77,Steel and Metal,Study plant whether personal agent.,1.67,1.88,0.98,18.3,2024-06-11 20:44:27.765943
148,Waterproof Cement Coating,gu984pJ,BlanchedAlmond,Popular,False,10.65,26.49,20,560,Concrete and Cement,Radio amount experience foreign heart deep.,1.12,2.26,0.6,21.97,2024-06-11 20:44:27.765943
149,Eco-Friendly Cinder Block,aU654LI,NavajoWhite,Style,False,33.81,36.82,1,910,Bricks and Blocks,East hit game natural respond.,6.68,4.15,0.79,24.81,2024-06-11 20:44:27.765943
150,Designer Paving Stones,vn526Sl,DarkSlateBlue,Carry,True,18.5,26.2,29,494,Bricks and Blocks,Security discuss wind community right fall whatever.,9.6,4.46,0.36,24.72,2024-06-11 20:44:27.765943
151,Waterproof Cement Coating,ad243RG,FireBrick,Strong,True,40.23,43.63,1,957,Concrete and Cement,Career church third central.,5.28,3.05,0.53,46.82,2024-06-11 20:44:27.765943
152,Lightweight Concrete Aggregate,tz151hT,Linen,Show,False,47.43,60.41,26,96,Concrete and Cement,Defense art candidate do mind cause.,1.93,2.35,0.12,33.52,2024-06-11 20:44:27.765943
153,Fiberglass Insulation Rolls,BE410wL,SpringGreen,Where,True,25.62,39.19,17,440,Insulation,Bit maybe sing benefit light.,3.99,2.89,0.33,16.55,2024-06-11 20:44:27.765943
154,Reflective Foil Insulation,jB433Th,Gainsboro,Activity,False,23.32,31.2,17,445,Insulation,Parent owner vote while north hundred and by.,0.51,2.11,0.46,36.29,2024-06-11 20:44:27.766948
155,Copper Plumbing Pipes,oM316Re,LightYellow,Necessary,False,43.64,57.15,29,672,Steel and Metal,Everybody feeling policy ago spring film there.,2.55,1.58,0.92,17.2,2024-06-11 20:44:27.766948
156,Fiberglass Insulation Rolls,al628kr,LightYellow,Professor,True,38.45,55.28,23,844,Insulation,Development chair evening arrive idea system.,4.19,4.44,0.56,26.28,2024-06-11 20:44:27.766948
157,Galvanized Steel Sheet,OU203yZ,BurlyWood,Carry,True,6.48,15.06,26,803,Steel and Metal,Particular radio size himself agent television picture.,2.82,4.31,0.84,43.37,2024-06-11 20:44:27.766948
158,Insulated Concrete Block,ug718Bt,Tomato,War,True,24.83,36.9,8,58,Bricks and Blocks,Everybody management magazine participant stand.,0.76,3.12,0.84,38.44,2024-06-11 20:44:27.766948
159,Eco-Friendly Cinder Block,Wz494eE,Linen,Purpose,False,7.77,9.12,27,680,Bricks and Blocks,Religious human detail music.,8.3,4.16,0.71,7.35,2024-06-11 20:44:27.766948
160,Spray Foam Insulation Kit,WJ367ll,DeepPink,Fight,True,17.32,26.71,26,645,Insulation,Cut clear pressure plan.,8.57,3.88,0.69,26.46,2024-06-11 20:44:27.766948
161,Aluminum Roofing Panels,hf472eZ,BurlyWood,Technology,True,46.37,58.82,12,737,Steel and Metal,Present challenge manager man.,9.77,2.6,0.21,9.88,2024-06-11 20:44:27.766948
162,Metal Roof Tiles,Da077DG,LightYellow,Reality,True,32.17,44.66,7,81,Roofing,Near while away.,7.01,4.46,0.48,37.88,2024-06-11 20:44:27.766948
163,Copper Plumbing Pipes,DT809io,MediumOrchid,However,True,14.39,22.67,8,730,Steel and Metal,Girl follow memory hospital worry.,7.31,1.06,0.47,13.99,2024-06-11 20:44:27.766948
164,Reflective Foil Insulation,Bd321zv,Chartreuse,Culture,False,34.41,36.68,1,955,Insulation,Certain yet structure senior all.,9.87,3.8,0.11,29.46,2024-06-11 20:44:27.766948
165,Rock Wool Insulation,RW750Mz,Gray,Why,True,30.22,49.61,30,961,Insulation,Shake down blue natural hair room born rise.,9.93,4.34,0.49,9.67,2024-06-11 20:44:27.766948
166,Architectural Clay Brick,dk438NB,FloralWhite,Order,True,25.69,45.48,29,498,Bricks and Blocks,Particularly group present could.,6.06,2.52,0.86,34.31,2024-06-11 20:44:27.766948
167,Welded Wire Mesh,tk650RX,Lavender,Wonder,False,11.85,16.55,12,923,Steel and Metal,Yes maybe sister administration.,2.09,4.06,0.17,30.16,2024-06-11 20:44:27.766948
168,Waterproof Cement Coating,RD887xI,MidnightBlue,Upon,False,43.98,60.78,13,158,Concrete and Cement,Treatment your figure eight morning great.,3.14,4.22,0.26,11.3,2024-06-11 20:44:27.766948
169,Stainless Steel Rods,oD033ke,LightSlateGray,Ten,False,43.38,48.19,26,538,Steel and Metal,Pm home north.,1.42,0.52,0.26,15.19,2024-06-11 20:44:27.766948
170,Rock Wool Insulation,Zm677bm,Crimson,Grow,True,42.11,52.67,2,999,Insulation,Success behind really study sister significant.,0.59,2.6,0.7,32.1,2024-06-11 20:44:27.767954
171,Classic Red Brick,kh894TG,OliveDrab,Remain,True,37.42,52.61,22,468,Bricks and Blocks,Officer blue him yeah claim this.,4.25,4.04,0.2,20.56,2024-06-11 20:44:27.767954
172,Designer Paving Stones,os578KN,GoldenRod,Gas,True,43.8,50.55,29,282,Bricks and Blocks,Others provide become artist yes later indeed sort.,4.99,3.54,0.93,21.72,2024-06-11 20:44:27.767954
173,Solar Roof Panels,YU352dQ,Magenta,Toward,False,23.43,38.51,18,443,Roofing,Suggest over ever dog future start.,5.51,0.55,0.17,46.64,2024-06-11 20:44:27.767954
174,Galvanized Steel Sheet,bU049Ue,Aquamarine,Direction,True,6.57,20.88,28,856,Steel and Metal,Week perform just space play find true.,8.87,3.76,0.16,9.76,2024-06-11 20:44:27.767954
175,Waterproof Cement Coating,rS823IM,LightSalmon,Plant,True,37.27,38.97,29,315,Concrete and Cement,Picture loss arm through rule.,2.71,1.02,0.92,1.21,2024-06-11 20:44:27.767954
176,Designer Paving Stones,HD744uN,Orchid,Election,True,11.39,25.43,8,271,Bricks and Blocks,Not less yet character dark sort word.,9.95,3.34,0.71,29.0,2024-06-11 20:44:27.767954
177,Architectural Clay Brick,FS909As,Orchid,Tv,True,29.04,45.26,28,64,Bricks and Blocks,Ability throughout hold call develop test.,4.73,2.62,0.59,38.99,2024-06-11 20:44:27.767954
178,Reflective Foil Insulation,Bn083Kj,SkyBlue,Authority,False,39.0,57.62,28,424,Insulation,Baby mean discuss rich blood training admit.,5.87,2.79,0.6,3.71,2024-06-11 20:44:27.767954
179,Spray Foam Insulation Kit,mt789sI,LightSalmon,Experience,False,45.82,50.73,19,255,Insulation,Stock pull story compare.,6.77,4.05,0.48,46.17,2024-06-11 20:44:27.767954
180,Fiberglass Insulation Rolls,SY464Zg,Sienna,Before,True,21.19,28.52,11,386,Insulation,Little although practice election third.,7.43,1.03,0.28,12.71,2024-06-11 20:44:27.767954
181,Clay Roof Shingles,WG338Yt,PaleGoldenRod,Up,True,15.04,26.38,11,557,Roofing,Think him draw remain though.,8.13,4.76,0.16,22.02,2024-06-11 20:44:27.767954
182,Architectural Clay Brick,Gf875hx,FloralWhite,Eye,False,29.3,39.45,8,455,Bricks and Blocks,Significant article moment current affect exist customer possible.,5.37,3.47,0.46,42.88,2024-06-11 20:44:27.767954
183,High-Strength Concrete Mix,OO824nA,Red,True,True,33.95,46.41,8,361,Concrete and Cement,Realize wonder try everyone.,5.35,2.72,0.42,47.26,2024-06-11 20:44:27.767954
184,Rock Wool Insulation,ca373JQ,LemonChiffon,Imagine,False,33.65,53.36,27,338,Insulation,Something focus many employee usually per.,8.31,4.45,0.57,29.04,2024-06-11 20:44:27.767954
185,Synthetic Slate Roofing,dw214Kl,White,Although,True,29.01,32.89,26,958,Roofing,Little do far what.,1.61,1.1,0.14,44.32,2024-06-11 20:44:27.767954
186,Cellulose Blown-In Insulation,YG804jQ,LightSlateGray,Huge,True,29.19,36.84,12,241,Insulation,Party religious politics marriage whom admit alone.,6.18,1.46,0.84,19.71,2024-06-11 20:44:27.767954
187,Aluminum Roofing Panels,zL181ZZ,OrangeRed,Study,False,23.24,39.17,10,438,Steel and Metal,Half policy prove.,7.61,4.87,0.78,5.4,2024-06-11 20:44:27.768954
188,Lightweight Concrete Aggregate,Si638UH,SeaShell,Despite,False,27.3,37.64,30,716,Concrete and Cement,Tonight center push whom once responsibility people.,8.75,1.63,0.35,39.87,2024-06-11 20:44:27.768954
189,Reinforced Concrete Slab,uB124MU,GreenYellow,Myself,True,30.92,42.64,13,259,Concrete and Cement,Dream have quite her peace sometimes how.,4.61,0.94,0.39,47.22,2024-06-11 20:44:27.768954
190,Spray Foam Insulation Kit,RU191CB,LightGreen,Space,False,7.9,27.12,19,31,Insulation,Book daughter test certainly.,2.85,1.46,0.96,7.24,2024-06-11 20:44:27.768954
191,Designer Paving Stones,wD595bP,Bisque,Generation,True,11.97,17.53,21,443,Bricks and Blocks,Dog manage medical per culture.,0.88,1.7,0.39,16.64,2024-06-11 20:44:27.768954
192,Lightweight Concrete Aggregate,ip770Of,DodgerBlue,Scientist,False,29.52,31.13,14,481,Concrete and Cement,Onto must culture paper.,3.39,1.72,0.24,3.7,2024-06-11 20:44:27.768954
193,Spray Foam Insulation Kit,fo291Fa,MediumVioletRed,Same,True,41.5,45.99,4,389,Insulation,Page how institution.,2.34,4.07,0.83,0.92,2024-06-11 20:44:27.768954
194,Welded Wire Mesh,Bn911CW,Navy,Prevent,True,24.65,43.96,2,20,Steel and Metal,Age approach all build.,2.34,2.75,0.71,33.2,2024-06-11 20:44:27.768954
195,Quick-Set Cement,Gh489hO,PowderBlue,For,False,23.78,37.79,6,672,Concrete and Cement,Face next free surface.,9.23,2.45,0.34,28.01,2024-06-11 20:44:27.768954
196,Clay Roof Shingles,sF325oh,Crimson,Our,True,9.17,18.92,19,259,Roofing,Walk treatment myself tough.,7.73,4.35,0.42,10.05,2024-06-11 20:44:27.768954
197,Copper Plumbing Pipes,Rl800OA,DarkRed,Piece,False,43.93,45.86,26,184,Steel and Metal,Ago soon fear ever establish stock.,9.16,3.67,0.73,43.68,2024-06-11 20:44:27.768954
198,High-Strength Concrete Mix,dv802si,Pink,Now,True,11.48,30.41,13,566,Concrete and Cement,War star popular wife degree.,2.58,4.75,0.58,18.93,2024-06-11 20:44:27.768954
199,Fiberglass Insulation Rolls,nz364Um,AliceBlue,Next,False,46.84,65.1,22,112,Insulation,Power throw law.,9.09,0.93,0.54,34.48,2024-06-11 20:44:27.768954
200,Spray Foam Insulation Kit,by103Hs,Azure,Increase,False,7.65,22.82,26,33,Insulation,Increase poor fight cup successful.,4.24,2.62,0.71,6.94,2024-06-11 20:44:27.768954
201,Eco-Friendly Cinder Block,GW868Av,Silver,Fly,False,22.44,32.7,26,236,Bricks and Blocks,Customer gun lay win.,6.18,1.79,0.14,10.91,2024-06-11 20:44:27.768954
202,Galvanized Steel Sheet,IA738jm,LightSlateGray,Financial,True,34.11,46.88,25,553,Steel and Metal,Capital though catch general never.,8.52,1.51,0.74,46.14,2024-06-11 20:44:27.768954
203,Quick-Set Cement,rE023oz,SteelBlue,Off,True,16.2,34.21,14,56,Concrete and Cement,Seven seek situation among.,7.12,1.47,0.53,10.67,2024-06-11 20:44:27.768954
204,Eco-Friendly Cinder Block,KZ079Mn,Fuchsia,Sign,False,23.96,37.91,21,114,Bricks and Blocks,Step window employee maintain letter significant.,4.3,3.8,0.66,9.01,2024-06-11 20:44:27.769953
205,Quick-Set Cement,FM754er,WhiteSmoke,Newspaper,False,6.01,10.47,10,299,Concrete and Cement,Score everyone through animal wonder strategy.,4.62,0.64,0.64,46.17,2024-06-11 20:44:27.769953
206,Architectural Clay Brick,jS141ZI,YellowGreen,Them,True,36.56,46.93,30,426,Bricks and Blocks,Section between current seat.,3.35,2.28,0.91,42.9,2024-06-11 20:44:27.769953
207,Cellulose Blown-In Insulation,Cj845oY,LightSteelBlue,Table,True,16.67,26.21,19,771,Insulation,In type especially structure magazine surface first.,9.01,4.73,0.62,24.4,2024-06-11 20:44:27.769953
208,Quick-Set Cement,MT087Ey,AntiqueWhite,Course,False,41.74,55.35,6,169,Concrete and Cement,Class media along.,6.27,3.11,0.17,7.4,2024-06-11 20:44:27.769953
209,Insulated Concrete Block,iE264XD,MediumOrchid,Change,True,42.5,45.08,18,425,Bricks and Blocks,Book huge indicate their region nice Republican.,9.15,3.39,0.52,10.91,2024-06-11 20:44:27.769953
210,Galvanized Steel Sheet,DQ923jK,MediumSlateBlue,Director,False,17.16,34.95,24,435,Steel and Metal,Win economic prove already my too public.,8.5,1.04,0.36,46.99,2024-06-11 20:44:27.769953
211,Galvanized Steel Sheet,CY292Cl,HotPink,Law,True,22.84,34.21,25,123,Steel and Metal,Why catch investment.,4.94,2.15,0.68,43.07,2024-06-11 20:44:27.769953
212,Solar Roof Panels,OF585GF,HotPink,Glass,True,28.68,41.08,26,500,Roofing,Actually true learn only throw own.,1.04,3.98,0.59,11.94,2024-06-11 20:44:27.769953
213,Fiberglass Insulation Rolls,Kb269NT,Maroon,Test,True,41.75,46.43,30,540,Insulation,Research improve hit yet produce present stage.,4.23,2.23,0.88,17.04,2024-06-11 20:44:27.769953
214,Asphalt Shingles,jr698sg,Thistle,Go,False,37.53,57.04,15,626,Roofing,Choose inside stage building.,6.7,3.79,0.67,2.11,2024-06-11 20:44:27.769953
215,Clay Roof Shingles,LB777fd,CadetBlue,Must,False,20.31,35.37,4,137,Roofing,Debate shoulder sport identify trouble game what.,1.12,1.71,0.56,18.74,2024-06-11 20:44:27.769953
216,Spray Foam Insulation Kit,Kc709Pq,MediumBlue,Economy,True,26.2,36.6,1,55,Insulation,Security learn car lay.,3.55,2.98,0.8,17.25,2024-06-11 20:44:27.769953
217,Clay Roof Shingles,xv182Vs,DodgerBlue,Work,False,17.67,24.39,18,598,Roofing,Interest low project star.,2.58,2.17,0.22,23.94,2024-06-11 20:44:27.769953
218,Waterproof Cement Coating,lt001Er,WhiteSmoke,System,False,42.75,51.7,18,497,Concrete and Cement,Break son owner today.,1.19,0.89,0.76,22.97,2024-06-11 20:44:27.769953
219,Welded Wire Mesh,SS678gJ,Lime,Beat,True,5.32,23.2,21,60,Steel and Metal,Century should particularly certainly life military challenge.,8.26,3.02,0.45,8.28,2024-06-11 20:44:27.769953
220,Cellulose Blown-In Insulation,IW376FC,Ivory,Owner,False,21.98,35.69,4,528,Insulation,Factor administration any at city and address.,4.67,1.75,0.31,37.23,2024-06-11 20:44:27.769953
221,Galvanized Steel Sheet,Do283SU,Peru,Friend,False,15.93,22.99,17,537,Steel and Metal,Piece hear apply drive plan system two.,9.4,2.59,0.4,7.43,2024-06-11 20:44:27.769953
222,Waterproof Cement Coating,Go274iB,DeepSkyBlue,Market,False,49.07,63.67,25,44,Concrete and Cement,Office year away behavior.,4.41,3.55,0.3,17.26,2024-06-11 20:44:27.769953
223,Synthetic Slate Roofing,FF714kH,PapayaWhip,Same,True,10.09,22.78,9,962,Roofing,Chair deep produce power deep including.,1.4,2.63,0.56,32.66,2024-06-11 20:44:27.769953
224,Asphalt Shingles,vg695nm,CadetBlue,Draw,True,31.87,39.71,4,228,Roofing,Leg across table actually friend walk police occur.,1.3,0.57,0.92,47.49,2024-06-11 20:44:27.769953
225,Designer Paving Stones,MU235Hb,DodgerBlue,Wind,True,41.18,58.62,29,388,Bricks and Blocks,Already call with both.,4.55,1.67,0.26,40.58,2024-06-11 20:44:27.769953
226,Lightweight Concrete Aggregate,mb953ac,SpringGreen,Attorney,True,35.21,43.71,1,746,Concrete and Cement,Close country would for may describe protect.,8.29,1.74,0.58,16.82,2024-06-11 20:44:27.769953
227,Reinforced Concrete Slab,ys367gQ,DarkGreen,Quickly,False,5.24,11.24,26,132,Concrete and Cement,Week single student real bad bag.,8.86,3.47,0.32,27.01,2024-06-11 20:44:27.769953
228,High-Strength Concrete Mix,Lp066FT,LightSeaGreen,Seem,True,9.46,14.54,19,698,Concrete and Cement,Everyone side gas eye spring throw.,2.94,2.62,0.78,14.99,2024-06-11 20:44:27.771457
229,Reflective Foil Insulation,zh648Qx,DeepSkyBlue,Security,True,5.15,19.49,19,374,Insulation,College also than toward left together financial somebody.,5.72,2.46,0.92,31.57,2024-06-11 20:44:27.771457
230,Designer Paving Stones,qK559lT,Lime,Keep,True,9.86,15.26,13,241,Bricks and Blocks,Pattern keep example.,8.68,3.72,0.88,24.09,2024-06-11 20:44:27.771457
231,Rock Wool Insulation,YD501vq,DarkBlue,Support,True,9.15,16.4,25,25,Insulation,Stay step student test do you.,1.15,1.65,0.35,10.36,2024-06-11 20:44:27.771457
232,Welded Wire Mesh,XZ387JW,SlateGray,Fear,False,22.86,29.51,22,510,Steel and Metal,Major during however student history second him difference.,4.22,2.08,0.73,34.47,2024-06-11 20:44:27.772096
233,Lightweight Concrete Aggregate,fK653Dz,SandyBrown,Process,True,17.37,30.38,14,273,Concrete and Cement,Character market clear.,1.22,3.19,0.58,38.91,2024-06-11 20:44:27.772096
234,Cellulose Blown-In Insulation,ls108yM,DeepPink,Consumer,True,7.23,23.78,17,51,Insulation,What early child together shake level.,6.2,2.56,0.92,7.74,2024-06-11 20:44:27.772096
235,Classic Red Brick,dy743BG,LimeGreen,Growth,True,48.88,68.24,11,336,Bricks and Blocks,Seat skin foreign by arrive gun reflect.,5.8,1.31,0.82,25.06,2024-06-11 20:44:27.772096
236,Fiberglass Insulation Rolls,Hh193VT,DarkOrchid,Beat,False,43.46,58.46,29,445,Insulation,Think cover baby big.,8.5,4.15,0.66,8.9,2024-06-11 20:44:27.772096
237,Reinforced Concrete Slab,wy192aF,Orange,Eat,True,45.81,57.15,13,947,Concrete and Cement,Similar edge watch.,5.37,3.15,0.59,2.89,2024-06-11 20:44:27.772096
238,Stainless Steel Rods,io026Ts,MediumPurple,Address,False,19.88,30.47,4,998,Steel and Metal,Against race right however sound.,7.04,4.29,0.56,36.92,2024-06-11 20:44:27.772096
239,Eco-Friendly Cinder Block,Iz268gL,Aquamarine,Large,True,42.25,49.63,22,177,Bricks and Blocks,Citizen hear when piece.,6.77,0.8,0.56,3.67,2024-06-11 20:44:27.772096
240,Stainless Steel Rods,aC461oy,GreenYellow,Free,True,17.98,29.59,28,913,Steel and Metal,Home serve writer minute.,1.3,2.8,0.34,16.79,2024-06-11 20:44:27.772096
241,Aluminum Roofing Panels,pu128Dt,SpringGreen,Across,False,7.67,14.23,17,845,Steel and Metal,Attack customer want apply summer home large issue.,2.39,1.42,0.73,34.99,2024-06-11 20:44:27.772096
242,Rock Wool Insulation,jQ315GH,Silver,Collection,False,12.4,31.82,24,609,Insulation,Carry why remain read smile order month.,1.35,2.11,0.16,6.05,2024-06-11 20:44:27.772096
243,Architectural Clay Brick,gj322YC,SeaGreen,Space,False,38.37,48.55,3,187,Bricks and Blocks,Bed chair nice school.,7.03,3.57,0.67,44.3,2024-06-11 20:44:27.773272
244,Stainless Steel Rods,dk983TB,Silver,Recognize,True,36.4,55.76,5,36,Steel and Metal,Alone serve statement media animal.,9.08,2.79,0.63,24.62,2024-06-11 20:44:27.773272
245,Galvanized Steel Sheet,Iw282PM,Olive,Buy,False,19.05,21.27,15,419,Steel and Metal,Sing loss them thus wrong ground ago push.,6.92,1.86,0.59,28.84,2024-06-11 20:44:27.773272
246,Cellulose Blown-In Insulation,aa540ot,MediumAquaMarine,None,False,40.7,44.26,17,177,Insulation,Dark against win government history back election commercial.,9.3,2.82,0.17,9.95,2024-06-11 20:44:27.773272
247,Eco-Friendly Cinder Block,ES417Vq,AliceBlue,Push,True,41.23,59.73,2,341,Bricks and Blocks,Speak area Mr art.,9.21,2.64,0.45,10.12,2024-06-11 20:44:27.773272
248,Galvanized Steel Sheet,Zf217wY,DarkOrange,Develop,True,48.75,62.62,6,260,Steel and Metal,Trouble development spend.,3.28,1.37,0.64,0.93,2024-06-11 20:44:27.773272
249,Welded Wire Mesh,mS990Ot,PapayaWhip,Teach,True,30.69,44.76,27,137,Steel and Metal,Gas option tend site personal.,2.44,2.09,0.15,29.51,2024-06-11 20:44:27.773272
250,Fiberglass Insulation Rolls,DX212td,YellowGreen,Involve,True,12.86,14.93,3,582,Insulation,Discussion and country note manage ten.,4.48,3.56,0.41,39.14,2024-06-11 20:44:27.773272
251,Copper Plumbing Pipes,Na550PH,DodgerBlue,Ahead,True,15.41,19.23,15,839,Steel and Metal,Hand likely check between.,4.11,3.11,0.7,48.48,2024-06-11 20:44:27.773272
252,Insulated Concrete Block,Ik483UO,DarkSalmon,Method,False,49.67,65.54,11,705,Bricks and Blocks,Value town dog wrong somebody mother pay.,8.34,2.68,0.5,34.57,2024-06-11 20:44:27.773272
253,Aluminum Roofing Panels,Iv716RC,Tan,Interview,True,9.95,28.22,27,448,Steel and Metal,Factor city must compare voice fact.,4.12,2.1,0.42,5.43,2024-06-11 20:44:27.773272
254,Synthetic Slate Roofing,Lp476jG,OldLace,Next,True,35.58,41.62,11,235,Roofing,Him recently bar.,4.12,4.75,0.5,32.81,2024-06-11 20:44:27.774279
255,Solar Roof Panels,fZ720bz,LightCoral,Skill,False,49.36,53.67,9,881,Roofing,Operation increase notice society ground economy reveal.,9.63,2.54,0.6,44.81,2024-06-11 20:44:27.774279
256,Reflective Foil Insulation,ca799DX,DarkRed,Ten,True,49.75,58.87,27,664,Insulation,Building attorney season give theory.,3.07,4.79,0.94,13.99,2024-06-11 20:44:27.774279
257,Galvanized Steel Sheet,nG435Il,DarkViolet,Reach,False,48.44,64.46,29,986,Steel and Metal,Give writer way evidence series break ago officer.,6.38,1.57,0.94,11.79,2024-06-11 20:44:27.774279
258,Stainless Steel Rods,fL579DZ,Khaki,Product,False,40.09,56.03,6,375,Steel and Metal,Building north bill key state.,1.06,1.16,0.45,10.2,2024-06-11 20:44:27.774279
259,Waterproof Cement Coating,KP096WJ,MediumSlateBlue,Action,True,7.61,8.69,30,265,Concrete and Cement,Clearly inside life determine itself expert speak project.,6.5,4.27,0.84,2.87,2024-06-11 20:44:27.774279
260,Clay Roof Shingles,zB594xi,Orange,Stay,False,26.35,30.97,25,198,Roofing,Left pressure city impact.,3.64,2.72,0.5,47.06,2024-06-11 20:44:27.774279
261,Copper Plumbing Pipes,WT509as,DeepSkyBlue,There,False,5.91,16.26,1,656,Steel and Metal,Drop their human discover official.,7.65,3.23,0.84,22.68,2024-06-11 20:44:27.774279
262,Synthetic Slate Roofing,at392xu,DeepSkyBlue,Research,False,26.87,30.55,4,701,Roofing,Maybe add plant.,4.61,2.07,0.77,38.74,2024-06-11 20:44:27.774279
263,Welded Wire Mesh,lU255aP,IndianRed,At,False,20.67,23.62,23,804,Steel and Metal,History soldier dream drive difficult task.,2.06,4.88,0.15,40.56,2024-06-11 20:44:27.774279
264,Lightweight Concrete Aggregate,kr336OT,Brown,Life,False,30.99,33.66,19,372,Concrete and Cement,Bring else fill best win to anything.,2.21,3.31,0.63,2.47,2024-06-11 20:44:27.775288
265,Synthetic Slate Roofing,ks846XW,DarkCyan,Act,False,8.71,13.08,10,269,Roofing,Anything once reveal director arm.,6.69,2.71,0.39,48.38,2024-06-11 20:44:27.775288
266,Solar Roof Panels,rx294Vv,Salmon,Inside,False,23.84,29.8,13,599,Roofing,Capital play approach generation food.,3.1,2.08,0.72,24.7,2024-06-11 20:44:27.775288
267,Asphalt Shingles,Ci962Gr,WhiteSmoke,Itself,True,26.72,42.39,20,276,Roofing,Measure stage office keep easy decade time.,8.89,3.45,0.59,14.65,2024-06-11 20:44:27.775288
268,Stainless Steel Rods,js888YO,SaddleBrown,Herself,False,25.14,36.41,1,463,Steel and Metal,Cup visit still customer various.,6.96,1.89,0.65,13.2,2024-06-11 20:44:27.775288
269,Welded Wire Mesh,js172xU,Purple,Only,True,20.65,31.51,20,609,Steel and Metal,Price perform approach everything environmental we.,7.62,1.67,0.98,33.88,2024-06-11 20:44:27.775288
270,Asphalt Shingles,fY154EA,DarkRed,Approach,True,17.65,25.07,25,777,Roofing,Watch throughout friend bad.,6.39,1.87,0.67,39.55,2024-06-11 20:44:27.775288
271,Cellulose Blown-In Insulation,Ny504Rv,LimeGreen,Range,True,33.28,45.48,27,730,Insulation,Thought office out already thought particular.,2.65,2.48,0.97,17.54,2024-06-11 20:44:27.775288
272,Cellulose Blown-In Insulation,CU276JZ,MediumSlateBlue,Time,True,20.84,29.35,16,568,Insulation,Meeting hit indeed democratic record common peace.,9.39,2.12,0.42,35.04,2024-06-11 20:44:27.775288
273,Copper Plumbing Pipes,lO920GF,Blue,Community,False,43.74,49.89,27,279,Steel and Metal,Bring decide spring others face off phone.,3.47,4.51,0.71,18.41,2024-06-11 20:44:27.775288
274,Insulated Concrete Block,Vv121pB,DarkSlateBlue,Enjoy,False,7.58,18.14,9,523,Bricks and Blocks,Me different him majority cup agent.,5.06,4.69,0.95,8.72,2024-06-11 20:44:27.775288
275,Synthetic Slate Roofing,vh708El,Turquoise,Discover,False,36.24,54.47,1,577,Roofing,Throw law speak sense easy certainly evening thing.,9.24,0.66,0.13,41.62,2024-06-11 20:44:27.775288
276,Clay Roof Shingles,Ho969Lk,Silver,Tax,False,36.05,43.07,12,99,Roofing,Man yes friend effort reflect.,4.04,1.2,0.28,18.78,2024-06-11 20:44:27.775288
277,Spray Foam Insulation Kit,SC556qP,OldLace,How,True,7.33,21.27,30,321,Insulation,Get idea base relate voice.,4.54,2.43,0.14,6.33,2024-06-11 20:44:27.775288
278,Galvanized Steel Sheet,Bm614lL,Thistle,Idea,True,48.82,63.0,28,843,Steel and Metal,World these trial.,7.72,1.34,0.26,21.79,2024-06-11 20:44:27.775288
279,Rock Wool Insulation,ih481UV,MintCream,At,False,49.03,61.73,6,88,Insulation,Field be physical game board hour approach.,5.71,1.33,0.62,49.02,2024-06-11 20:44:27.775288
280,Clay Roof Shingles,Pb868pV,Silver,Contain,True,8.18,21.83,22,288,Roofing,Every Republican economic establish parent feeling street.,8.01,1.68,0.21,27.59,2024-06-11 20:44:27.775288
281,Metal Roof Tiles,LP415Ly,OliveDrab,Business,True,29.63,33.9,6,731,Roofing,Size population vote husband stage.,7.34,3.59,0.33,30.0,2024-06-11 20:44:27.775288
282,Spray Foam Insulation Kit,OM051NW,PaleVioletRed,Ahead,False,36.38,48.46,17,784,Insulation,Mission she small just.,6.61,2.17,0.58,15.85,2024-06-11 20:44:27.775288
283,Quick-Set Cement,sq353ff,Ivory,Student,False,15.6,25.23,1,859,Concrete and Cement,Few work its money.,9.89,4.12,0.33,38.44,2024-06-11 20:44:27.776525
284,Synthetic Slate Roofing,Wa532II,Gold,Budget,True,34.04,48.45,21,618,Roofing,Above research form investment center.,3.15,2.47,0.54,34.69,2024-06-11 20:44:27.776525
285,Solar Roof Panels,eq693eA,DodgerBlue,Personal,False,28.59,47.02,9,532,Roofing,Position our method.,7.08,3.95,0.96,40.43,2024-06-11 20:44:27.776525
286,Metal Roof Tiles,bl127Dy,Orchid,If,False,18.76,34.96,12,232,Roofing,Again suffer force forward theory lose.,6.63,3.22,0.9,16.78,2024-06-11 20:44:27.776525
287,Metal Roof Tiles,Rj082VB,DarkSeaGreen,Whose,False,34.87,49.0,13,320,Roofing,Manager provide bill ago need they great realize.,0.52,3.24,0.68,5.75,2024-06-11 20:44:27.776525
288,Clay Roof Shingles,Rr925Nd,BurlyWood,Challenge,True,41.13,55.38,2,291,Roofing,Education certainly song friend bank couple.,3.92,1.66,0.84,21.39,2024-06-11 20:44:27.776525
289,Lightweight Concrete Aggregate,JZ176OL,DarkCyan,East,True,13.51,32.85,20,524,Concrete and Cement,Thing beyond western word agency size.,4.68,2.38,0.62,47.68,2024-06-11 20:44:27.776525
290,Rock Wool Insulation,gE300SE,Tomato,Book,False,18.58,27.56,21,248,Insulation,Begin economy baby.,5.19,0.65,0.63,13.46,2024-06-11 20:44:27.777030
291,Spray Foam Insulation Kit,Zi629xu,AliceBlue,Class,True,40.43,44.26,20,102,Insulation,Executive industry both respond.,2.63,1.78,0.48,15.23,2024-06-11 20:44:27.777030
292,Spray Foam Insulation Kit,aR685hE,HotPink,Different,False,43.42,54.66,20,261,Insulation,Year yourself I hope can.,4.72,2.0,0.22,22.73,2024-06-11 20:44:27.777030
293,High-Strength Concrete Mix,PY093NR,LightBlue,Blood,False,25.43,42.46,4,571,Concrete and Cement,Box dark administration two himself usually.,4.09,3.64,0.24,28.83,2024-06-11 20:44:27.777030
294,Architectural Clay Brick,Ny924Wz,MediumSlateBlue,Seem,False,5.56,23.18,17,799,Bricks and Blocks,Loss think main again.,5.11,4.49,0.18,9.12,2024-06-11 20:44:27.777030
295,Metal Roof Tiles,Xe218wi,Lavender,Expect,False,39.96,54.69,9,549,Roofing,Size degree open population.,6.13,2.15,0.77,34.32,2024-06-11 20:44:27.777030
296,Lightweight Concrete Aggregate,Wr599Bf,Gainsboro,American,True,9.42,27.65,22,49,Concrete and Cement,Film seek music.,4.75,1.09,0.52,38.74,2024-06-11 20:44:27.777030
297,Stainless Steel Rods,Vt322fR,Coral,Middle,True,36.9,42.02,8,815,Steel and Metal,Down our their brother.,7.44,0.63,0.47,43.31,2024-06-11 20:44:27.777030
298,Clay Roof Shingles,wb143mx,Lime,General,False,43.35,59.45,6,370,Roofing,Program effort side option behind piece natural.,0.89,1.12,0.25,25.67,2024-06-11 20:44:27.777030
299,Reflective Foil Insulation,ld161lD,DarkTurquoise,Require,True,15.58,26.51,13,322,Insulation,Land whole hear view finish any fund.,2.74,1.56,0.37,45.75,2024-06-11 20:44:27.777030
300,Lightweight Concrete Aggregate,Ys996Ff,Red,Although,True,45.19,55.89,10,741,Concrete and Cement,Tree weight key maybe pretty item.,7.79,1.37,0.1,8.82,2024-06-11 20:44:27.777030
301,Spray Foam Insulation Kit,gI125uK,BlueViolet,Share,True,39.16,53.13,20,808,Insulation,Admit make phone bad certainly.,8.35,2.94,0.47,42.74,2024-06-11 20:44:27.777030
302,Quick-Set Cement,Uo743Hk,CadetBlue,Reality,False,39.64,50.85,29,490,Concrete and Cement,Strategy organization learn language certain.,5.6,1.43,0.56,16.43,2024-06-11 20:44:27.777030
303,Aluminum Roofing Panels,bs924rj,Chartreuse,Business,False,6.65,26.06,29,596,Steel and Metal,Subject author discover involve huge wish up.,4.56,3.69,0.19,10.16,2024-06-11 20:44:27.777030
304,Welded Wire Mesh,Gs723ui,Ivory,Although,True,13.0,15.51,26,927,Steel and Metal,Whether it still.,7.71,4.54,0.43,25.15,2024-06-11 20:44:27.777030
305,Designer Paving Stones,cE116qc,Turquoise,Baby,True,34.54,41.25,16,876,Bricks and Blocks,Ten long four son assume avoid happy.,9.85,3.77,0.54,40.89,2024-06-11 20:44:27.777030
306,Synthetic Slate Roofing,ep819Tj,SpringGreen,Room,False,30.87,50.42,13,185,Roofing,Tax song hotel free number list environmental.,5.11,3.2,0.85,8.83,2024-06-11 20:44:27.778038
307,Galvanized Steel Sheet,yk072rw,Gold,Car,True,14.03,21.59,21,605,Steel and Metal,Society between answer learn drug present wife.,9.59,2.03,0.4,38.99,2024-06-11 20:44:27.778038
308,Aluminum Roofing Panels,Bo173dY,LemonChiffon,Mean,False,5.2,22.19,30,201,Steel and Metal,Get include six it camera three.,7.1,3.41,0.49,19.48,2024-06-11 20:44:27.778038
309,Metal Roof Tiles,QS874lb,MediumTurquoise,Look,False,21.33,22.7,15,411,Roofing,Maybe something else age exist reflect husband.,3.22,3.78,0.95,30.35,2024-06-11 20:44:27.778038
310,Waterproof Cement Coating,pJ991rh,FloralWhite,Consumer,True,29.51,46.72,7,15,Concrete and Cement,Age account forward pressure such.,2.69,4.64,0.81,34.52,2024-06-11 20:44:27.778038
311,Reinforced Concrete Slab,Jc763ny,AntiqueWhite,Able,False,39.96,48.19,21,748,Concrete and Cement,Outside better quickly field what bad.,8.42,2.26,0.54,43.14,2024-06-11 20:44:27.778038
312,Asphalt Shingles,uw763Jy,Coral,Ball,True,5.89,17.13,23,87,Roofing,Cut sign respond determine professional structure.,0.53,3.6,0.54,20.03,2024-06-11 20:44:27.778038
313,Designer Paving Stones,UA273hQ,Brown,Media,True,16.69,23.89,29,609,Bricks and Blocks,Better way he president.,2.01,2.47,0.93,9.19,2024-06-11 20:44:27.778038
314,Spray Foam Insulation Kit,kb022tl,MediumOrchid,Child,True,18.74,31.39,5,284,Insulation,Picture growth wear push how.,2.22,2.18,0.23,48.04,2024-06-11 20:44:27.778038
315,Designer Paving Stones,OD799Pu,Turquoise,That,False,27.18,30.3,19,23,Bricks and Blocks,Still because state country economy shake.,7.21,4.4,0.38,5.13,2024-06-11 20:44:27.778038
316,Insulated Concrete Block,da303Gl,LightSlateGray,Fast,True,28.7,45.45,19,457,Bricks and Blocks,Still grow particularly foreign quickly land improve.,2.64,2.1,0.69,31.23,2024-06-11 20:44:27.778038
317,Solar Roof Panels,iY878Cj,Maroon,Bag,True,10.51,13.36,19,360,Roofing,Change too glass along Mrs doctor future light.,5.07,3.47,0.36,48.43,2024-06-11 20:44:27.778038
318,Reinforced Concrete Slab,BM672Jq,DeepPink,Decision,True,44.98,50.32,9,452,Concrete and Cement,Meeting maintain bar activity throughout type bit.,9.77,1.71,0.39,49.0,2024-06-11 20:44:27.778038
319,Lightweight Concrete Aggregate,QX759Rk,DarkGreen,Exist,False,12.84,14.93,5,54,Concrete and Cement,Clearly back either.,6.19,2.7,0.89,28.21,2024-06-11 20:44:27.778038
320,Stainless Steel Rods,it586xv,LightSteelBlue,Collection,False,22.76,35.81,21,762,Steel and Metal,Time reach arrive walk.,2.66,3.12,0.13,8.35,2024-06-11 20:44:27.778038
321,Insulated Concrete Block,Eb368OA,Blue,Side,False,26.42,40.92,13,194,Bricks and Blocks,Project physical see wrong on like ability.,2.49,3.49,0.51,38.18,2024-06-11 20:44:27.778038
322,Aluminum Roofing Panels,UV959HN,BlanchedAlmond,Song,False,41.28,58.24,30,484,Steel and Metal,Image meet war market do.,3.85,2.45,0.65,19.91,2024-06-11 20:44:27.779037
323,Fiberglass Insulation Rolls,Ne842OA,Tan,Enter,True,17.19,28.89,21,357,Insulation,Range carry top day deal.,9.5,4.93,0.19,15.37,2024-06-11 20:44:27.779037
324,Classic Red Brick,Ud964Mv,Lime,Wear,False,37.63,49.15,9,852,Bricks and Blocks,Stand upon style edge senior bit.,6.5,4.7,0.16,29.14,2024-06-11 20:44:27.779037
325,Eco-Friendly Cinder Block,sO930kX,SkyBlue,Truth,False,34.28,49.17,21,228,Bricks and Blocks,Economy often example paper develop.,0.65,0.82,0.75,47.29,2024-06-11 20:44:27.779037
326,Copper Plumbing Pipes,lu406pI,Wheat,Item,False,17.81,20.19,19,836,Steel and Metal,Wear could whose detail control herself offer.,4.56,1.03,0.6,39.77,2024-06-11 20:44:27.779037
327,Solar Roof Panels,cX070EW,OldLace,Help,True,21.3,39.77,12,196,Roofing,Perhaps good agreement record forward.,9.34,4.66,0.17,31.11,2024-06-11 20:44:27.779037
328,Stainless Steel Rods,rA433cV,DarkViolet,Fall,False,35.47,48.08,9,305,Steel and Metal,Agreement within still take.,2.68,2.49,0.2,13.23,2024-06-11 20:44:27.779037
329,Rock Wool Insulation,cJ143XS,Azure,Ten,False,46.63,56.55,24,403,Insulation,Finish management call little heart.,5.93,1.89,0.8,47.95,2024-06-11 20:44:27.779037
330,Eco-Friendly Cinder Block,vg466KG,DarkSeaGreen,Series,True,19.58,22.77,12,503,Bricks and Blocks,Radio challenge operation phone.,6.63,1.01,0.87,20.45,2024-06-11 20:44:27.779037
331,Spray Foam Insulation Kit,oX460aH,PapayaWhip,Up,False,16.33,34.61,5,717,Insulation,Themselves bit others next born news machine.,5.03,1.84,0.59,21.47,2024-06-11 20:44:27.779037
332,Copper Plumbing Pipes,HP842pP,BlanchedAlmond,White,True,12.1,13.48,2,659,Steel and Metal,Wide dog debate certainly state.,4.24,4.85,0.96,34.57,2024-06-11 20:44:27.779037
333,Metal Roof Tiles,sT737jd,SlateBlue,Leave,True,18.05,27.29,17,723,Roofing,Soldier that animal challenge work seven.,5.86,2.86,0.38,35.69,2024-06-11 20:44:27.779037
334,Stainless Steel Rods,BZ652vN,DarkCyan,Bit,False,41.38,59.91,8,211,Steel and Metal,Word into during attorney add.,4.49,3.55,0.7,29.7,2024-06-11 20:44:27.779037
335,Lightweight Concrete Aggregate,LR308do,LightSlateGray,Produce,True,34.76,35.93,3,36,Concrete and Cement,Experience watch top old still.,8.62,1.68,0.68,4.48,2024-06-11 20:44:27.779037
336,Stainless Steel Rods,Wd242ge,Azure,Heavy,False,36.34,44.25,15,260,Steel and Metal,Argue maintain travel analysis stop.,3.2,3.43,0.54,30.71,2024-06-11 20:44:27.779037
337,Lightweight Concrete Aggregate,me468De,DarkGreen,Guy,False,14.26,33.32,28,335,Concrete and Cement,Agreement family plant program.,5.88,3.87,0.84,47.98,2024-06-11 20:44:27.779037
338,Eco-Friendly Cinder Block,XO630sn,Snow,Lay,False,37.77,43.71,17,202,Bricks and Blocks,Conference role produce worry force.,8.89,2.9,0.79,46.98,2024-06-11 20:44:27.780035
339,Welded Wire Mesh,Pd512jx,BlueViolet,Several,False,11.84,30.74,9,204,Steel and Metal,Identify position pressure hair decide candidate energy.,1.97,3.87,0.7,2.79,2024-06-11 20:44:27.780035
340,Architectural Clay Brick,ID681EY,PapayaWhip,Property,False,28.85,40.69,2,644,Bricks and Blocks,Performance community cut explain.,6.69,1.22,0.93,30.58,2024-06-11 20:44:27.780035
341,Lightweight Concrete Aggregate,Bw840dq,Ivory,Five,True,47.48,59.7,26,211,Concrete and Cement,Actually newspaper adult industry interest nearly.,7.97,3.98,0.37,15.7,2024-06-11 20:44:27.780035
342,Solar Roof Panels,Ce118Hy,Moccasin,Maintain,False,12.99,14.97,19,71,Roofing,Build budget others point.,8.53,3.47,0.29,43.19,2024-06-11 20:44:27.780035
343,Reflective Foil Insulation,dc640GC,Bisque,Describe,True,34.08,52.24,17,722,Insulation,Forget conference throughout visit statement.,0.89,4.6,0.92,23.96,2024-06-11 20:44:27.780035
344,Reflective Foil Insulation,iw319rc,SeaShell,Hit,False,11.38,23.29,13,843,Insulation,Daughter someone choose child position.,7.65,2.12,0.53,45.54,2024-06-11 20:44:27.780035
345,Rock Wool Insulation,DO168ls,DarkRed,Stuff,False,14.25,31.09,9,204,Insulation,She camera buy across perform doctor east expert.,4.77,2.13,0.72,21.54,2024-06-11 20:44:27.780035
346,Reinforced Concrete Slab,Av649wp,FloralWhite,Stand,False,33.65,51.12,15,510,Concrete and Cement,Here reveal interesting often store college determine out.,5.89,3.65,0.74,0.85,2024-06-11 20:44:27.780035
347,Asphalt Shingles,BO015DP,SlateGray,Service,False,45.26,49.31,16,352,Roofing,Indeed case author still order.,5.94,3.76,0.77,47.96,2024-06-11 20:44:27.780035
348,Waterproof Cement Coating,fG243JN,Navy,Street,False,15.06,23.75,8,173,Concrete and Cement,Call project red newspaper think break door.,8.31,4.65,0.23,36.39,2024-06-11 20:44:27.780035
349,Lightweight Concrete Aggregate,hv383zr,Brown,Son,True,14.34,32.12,11,895,Concrete and Cement,Allow as new generation radio no.,2.55,1.44,0.12,22.0,2024-06-11 20:44:27.780035
350,Architectural Clay Brick,IN479fo,Magenta,Ball,True,40.09,58.85,15,528,Bricks and Blocks,White job TV expect life radio only.,3.97,2.48,0.38,12.61,2024-06-11 20:44:27.780035
351,Classic Red Brick,IV783zh,DarkOrange,Contain,False,31.61,47.42,16,875,Bricks and Blocks,Kind science to likely race.,3.92,3.76,0.73,34.11,2024-06-11 20:44:27.780035
352,Waterproof Cement Coating,wn203Fe,LavenderBlush,Future,True,37.66,56.0,19,345,Concrete and Cement,Beat range wonder poor.,9.47,1.94,0.54,22.17,2024-06-11 20:44:27.780035
353,Synthetic Slate Roofing,jw236ny,Orange,Strong,True,29.7,32.76,17,413,Roofing,About Democrat world.,8.92,4.16,0.34,25.87,2024-06-11 20:44:27.780035
354,Waterproof Cement Coating,Jb131cN,Turquoise,Cost,False,12.79,24.07,1,353,Concrete and Cement,Cut if too he.,6.52,0.71,0.16,33.93,2024-06-11 20:44:27.780035
355,Eco-Friendly Cinder Block,nV380NM,Snow,Western,True,9.54,10.75,5,474,Bricks and Blocks,Small music pay despite evening could look.,6.46,1.9,0.72,7.29,2024-06-11 20:44:27.781121
356,Lightweight Concrete Aggregate,aW918vH,Purple,Spend,False,16.86,24.47,2,643,Concrete and Cement,Person know own American them former police.,1.77,4.64,0.31,16.49,2024-06-11 20:44:27.781121
357,Solar Roof Panels,RQ769Rk,Maroon,Think,True,34.35,49.64,11,102,Roofing,Fight draw surface century industry head.,8.37,0.87,0.85,9.49,2024-06-11 20:44:27.781121
358,Spray Foam Insulation Kit,eJ086yM,Azure,Fire,False,49.48,51.16,5,707,Insulation,Us maintain choice agency spend which question.,6.44,2.02,0.11,26.58,2024-06-11 20:44:27.781121
359,Clay Roof Shingles,Nx478og,MidnightBlue,Pass,False,18.19,33.28,27,500,Roofing,Hit car letter relationship.,7.78,0.74,0.69,34.65,2024-06-11 20:44:27.781121
360,Aluminum Roofing Panels,EI643NE,LightSteelBlue,Nice,True,34.34,44.14,29,751,Steel and Metal,Enough language there top soldier population recently.,2.31,3.18,0.8,47.9,2024-06-11 20:44:27.781121
361,Synthetic Slate Roofing,ft500ry,SaddleBrown,Car,True,9.08,22.49,7,442,Roofing,Really let people story thing organization result.,9.37,3.35,0.17,13.1,2024-06-11 20:44:27.781121
362,Quick-Set Cement,Gx089Mt,Lavender,Alone,False,13.27,22.05,26,430,Concrete and Cement,Nor at by trial open mind.,9.1,2.54,0.39,9.8,2024-06-11 20:44:27.781121
363,Insulated Concrete Block,uU365Zy,Linen,Discussion,True,17.62,24.14,2,689,Bricks and Blocks,Without kitchen partner cut enough break property.,1.31,4.7,0.9,28.89,2024-06-11 20:44:27.781121
364,Eco-Friendly Cinder Block,gk760Xl,NavajoWhite,Effect,False,10.94,12.65,26,602,Bricks and Blocks,Could industry assume structure.,9.28,1.76,0.43,27.1,2024-06-11 20:44:27.781121
365,Classic Red Brick,so776Hm,LightSlateGray,During,True,34.13,37.65,12,261,Bricks and Blocks,Itself any third arrive prepare sometimes.,7.1,3.2,0.26,48.43,2024-06-11 20:44:27.781121
366,Galvanized Steel Sheet,vl777ac,DeepSkyBlue,Surface,False,41.09,55.26,12,8,Steel and Metal,Hard student doctor difficult impact.,8.48,3.43,0.41,34.16,2024-06-11 20:44:27.781121
367,Galvanized Steel Sheet,wd328wk,LightCoral,World,False,27.99,29.46,27,7,Steel and Metal,Range but space success north design all.,2.82,2.5,0.2,31.04,2024-06-11 20:44:27.781121
368,Fiberglass Insulation Rolls,NU804mk,Tan,Structure,False,16.4,29.46,7,655,Insulation,Office image such challenge anyone.,2.74,0.83,0.56,30.11,2024-06-11 20:44:27.781121
369,Spray Foam Insulation Kit,df210sG,Lime,Theory,False,13.39,18.54,23,135,Insulation,Forward vote material carry talk leg.,6.57,3.06,0.64,34.81,2024-06-11 20:44:27.781121
370,Quick-Set Cement,fj519sC,PaleTurquoise,Rich,False,21.42,39.0,11,910,Concrete and Cement,Step nice affect reduce mind people.,5.49,2.94,0.11,27.24,2024-06-11 20:44:27.781121
371,Classic Red Brick,gB361ri,Beige,Scene,True,29.92,34.39,13,394,Bricks and Blocks,Direction improve within several write.,7.1,4.67,0.95,2.67,2024-06-11 20:44:27.781121
372,Classic Red Brick,LO355kc,Lavender,Care,True,19.38,24.94,19,349,Bricks and Blocks,Travel join mean apply.,3.27,1.11,0.94,46.45,2024-06-11 20:44:27.782132
373,Clay Roof Shingles,ai380yI,SandyBrown,Player,True,40.23,56.21,5,377,Roofing,Message detail oil coach result TV.,1.81,1.93,0.27,37.26,2024-06-11 20:44:27.782132
374,High-Strength Concrete Mix,hn420rM,AliceBlue,Describe,False,18.16,35.12,7,917,Concrete and Cement,Practice there sell small drive.,5.84,3.55,0.83,10.05,2024-06-11 20:44:27.782132
375,Solar Roof Panels,Dc324Xc,IndianRed,Two,True,21.59,31.04,5,663,Roofing,Law member already discover concern memory one way.,2.64,4.29,0.43,17.96,2024-06-11 20:44:27.782132
376,Galvanized Steel Sheet,uu273HY,PeachPuff,Scene,False,35.48,47.73,4,454,Steel and Metal,Leg lot teach page.,5.42,2.18,0.19,32.19,2024-06-11 20:44:27.782132
377,Spray Foam Insulation Kit,Qf082eJ,FireBrick,Return,False,40.48,52.67,27,431,Insulation,Film policy health.,8.76,4.19,0.88,40.33,2024-06-11 20:44:27.782132
378,Clay Roof Shingles,QW999Wh,SandyBrown,Night,True,46.22,50.3,24,738,Roofing,Writer drop information no director everybody month.,8.23,2.09,0.31,26.94,2024-06-11 20:44:27.782132
379,Synthetic Slate Roofing,vg359cM,Aqua,Deal,False,12.31,27.59,17,296,Roofing,Rather buy seem same style.,4.21,1.26,0.73,43.53,2024-06-11 20:44:27.782132
380,Cellulose Blown-In Insulation,xV841gS,RoyalBlue,Above,True,43.66,48.31,13,172,Insulation,Thing along edge.,7.43,2.21,0.71,39.78,2024-06-11 20:44:27.782132
381,Copper Plumbing Pipes,eu678dr,LightCyan,Society,False,48.24,58.83,28,295,Steel and Metal,Religious certainly play state prevent decision.,1.0,2.0,0.85,38.9,2024-06-11 20:44:27.782132
382,Lightweight Concrete Aggregate,qq138Yz,Blue,Painting,False,42.43,48.26,23,57,Concrete and Cement,Show building mother often.,0.89,4.46,0.81,23.75,2024-06-11 20:44:27.782132
383,Welded Wire Mesh,sk268wC,Green,Pull,False,38.79,50.1,25,409,Steel and Metal,Industry during ago plant tough.,7.48,1.89,0.39,26.2,2024-06-11 20:44:27.782132
384,Cellulose Blown-In Insulation,Ux799eN,Snow,Home,False,49.45,55.7,8,269,Insulation,Claim worker state enough.,4.95,2.04,0.79,10.45,2024-06-11 20:44:27.782132
385,Copper Plumbing Pipes,ey863NT,Olive,Hit,True,17.39,21.41,13,313,Steel and Metal,Agent big loss behind face issue write.,2.58,1.93,0.56,18.53,2024-06-11 20:44:27.782132
386,Fiberglass Insulation Rolls,pA485eb,DarkSalmon,Would,False,45.7,59.18,29,91,Insulation,Push carry watch tonight experience within fear.,1.84,1.26,0.14,38.65,2024-06-11 20:44:27.782132
387,Insulated Concrete Block,xn303kM,Teal,Tough,False,36.26,51.27,27,705,Bricks and Blocks,Oil effect great themselves civil.,9.6,3.73,0.2,18.44,2024-06-11 20:44:27.782132
388,Fiberglass Insulation Rolls,wX985oy,DarkSalmon,Leader,False,41.17,48.42,1,665,Insulation,Above social involve energy.,1.29,4.53,0.55,11.18,2024-06-11 20:44:27.782132
389,Synthetic Slate Roofing,XT079Qt,SaddleBrown,Price,True,44.78,50.19,14,651,Roofing,Star enter those subject economic pass.,1.49,0.66,0.37,38.92,2024-06-11 20:44:27.782132
390,Metal Roof Tiles,Ws056HF,Pink,Down,True,29.63,48.15,21,606,Roofing,Activity answer sign.,8.78,2.1,0.49,37.35,2024-06-11 20:44:27.783132
391,Clay Roof Shingles,Bn034sg,LightSlateGray,Agent,True,10.8,29.71,20,15,Roofing,Election perhaps remain spring guess off.,3.16,1.71,0.98,33.5,2024-06-11 20:44:27.783132
392,High-Strength Concrete Mix,xU929cj,Brown,Thank,True,11.19,12.49,5,50,Concrete and Cement,Father sometimes shoulder young mean.,8.92,1.54,0.96,29.41,2024-06-11 20:44:27.783132
393,Waterproof Cement Coating,fR646Np,YellowGreen,Project,True,25.94,37.69,13,86,Concrete and Cement,Little paper better tell wind possible lawyer.,1.32,3.15,0.37,22.09,2024-06-11 20:44:27.783132
394,Lightweight Concrete Aggregate,xE193Wu,Black,Also,True,17.97,25.69,20,537,Concrete and Cement,Firm community some each business human sit finish.,0.63,3.8,0.75,13.72,2024-06-11 20:44:27.783132
395,Reflective Foil Insulation,Ej527ch,LightPink,Head,False,10.74,25.05,23,771,Insulation,Itself fast then.,6.47,1.37,0.69,13.89,2024-06-11 20:44:27.783132
396,Designer Paving Stones,Wf142fo,DarkTurquoise,Last,False,11.46,24.29,25,742,Bricks and Blocks,Child yes you let wear which care.,0.73,3.01,0.84,34.95,2024-06-11 20:44:27.783132
397,High-Strength Concrete Mix,VH751aq,MediumBlue,Together,True,16.2,29.55,30,371,Concrete and Cement,Owner market require southern shake reality main.,6.62,0.64,0.7,26.14,2024-06-11 20:44:27.783132
398,Aluminum Roofing Panels,Jv167xc,FloralWhite,Decade,True,22.26,27.16,17,71,Steel and Metal,Against again history daughter specific store maintain.,9.1,3.82,0.84,24.59,2024-06-11 20:44:27.783132
399,Reinforced Concrete Slab,Jx434DC,Green,You,True,13.18,25.65,28,460,Concrete and Cement,Future model woman others than.,9.24,4.92,0.49,37.46,2024-06-11 20:44:27.783132
400,Architectural Clay Brick,ar413ur,MintCream,Start,True,13.08,15.12,13,792,Bricks and Blocks,Matter mind will per just such sea might.,6.23,1.63,0.97,39.72,2024-06-11 20:44:27.783132
401,Copper Plumbing Pipes,wW869BN,Pink,Message,True,24.19,38.51,13,428,Steel and Metal,Way so discuss card stage.,8.24,4.41,0.8,3.98,2024-06-11 20:44:27.783132
402,Solar Roof Panels,au672Id,PowderBlue,Single,True,49.48,68.11,26,243,Roofing,Reason avoid people your bit see campaign.,5.45,0.74,0.78,24.94,2024-06-11 20:44:27.783132
403,Stainless Steel Rods,ql592wn,GhostWhite,Event,False,38.85,51.27,10,424,Steel and Metal,Tough billion security learn pressure.,0.89,5.0,0.11,46.79,2024-06-11 20:44:27.783132
404,Spray Foam Insulation Kit,IY730ky,DarkKhaki,Quality,True,34.5,52.67,24,945,Insulation,Near who deep then true compare.,5.59,0.69,0.42,6.2,2024-06-11 20:44:27.783132
405,Cellulose Blown-In Insulation,NG863jv,Teal,Anything,False,14.53,27.24,6,273,Insulation,Pass prevent act question speak state.,3.94,4.07,0.24,16.12,2024-06-11 20:44:27.783132
406,Lightweight Concrete Aggregate,nB963yL,BurlyWood,Down,False,12.09,20.72,15,856,Concrete and Cement,Must visit expect this give about song office.,1.37,4.7,0.77,45.43,2024-06-11 20:44:27.783132
407,Classic Red Brick,vP468ab,Wheat,Republican,True,25.76,34.18,20,695,Bricks and Blocks,Sea couple bank.,6.13,4.29,0.98,6.09,2024-06-11 20:44:27.784132
408,Classic Red Brick,cB693ib,Indigo,Return,True,30.42,40.77,17,665,Bricks and Blocks,Upon whether truth health film choose again.,3.65,1.79,0.53,41.45,2024-06-11 20:44:27.784132
409,Eco-Friendly Cinder Block,kj454zp,Fuchsia,Teacher,False,32.44,45.11,11,755,Bricks and Blocks,Bed situation poor billion billion compare just open.,6.49,1.0,0.36,41.36,2024-06-11 20:44:27.784132
410,Waterproof Cement Coating,BR491kt,GhostWhite,Much,False,22.64,29.05,4,17,Concrete and Cement,Take even themselves condition.,1.35,3.16,0.61,21.85,2024-06-11 20:44:27.784132
411,Reinforced Concrete Slab,Rk300Zf,Orange,About,True,11.2,18.84,15,213,Concrete and Cement,Eight business civil space learn necessary other.,6.39,1.48,0.75,18.33,2024-06-11 20:44:27.784132
412,Lightweight Concrete Aggregate,lz651jm,SandyBrown,Style,True,8.13,21.51,6,251,Concrete and Cement,Life four true beat.,7.94,4.48,0.21,46.47,2024-06-11 20:44:27.784132
413,Copper Plumbing Pipes,Ae783MM,MidnightBlue,Area,True,10.81,28.95,18,774,Steel and Metal,Politics music next civil direction recent.,5.63,3.27,0.35,45.42,2024-06-11 20:44:27.784132
414,Lightweight Concrete Aggregate,lp294wo,LavenderBlush,Go,True,13.86,25.41,17,361,Concrete and Cement,Lot bad his.,7.01,2.89,0.76,40.29,2024-06-11 20:44:27.784132
415,Reflective Foil Insulation,dA912LH,Cyan,Who,True,18.37,24.61,22,349,Insulation,Would south door vote painting hundred number.,9.65,1.46,0.85,32.34,2024-06-11 20:44:27.784132
416,Asphalt Shingles,rE433WF,DarkGoldenRod,Us,False,25.68,39.2,11,651,Roofing,Account type cut mission wind chance town as.,4.0,0.96,0.13,6.89,2024-06-11 20:44:27.784132
417,Synthetic Slate Roofing,FY682YS,Navy,South,False,31.29,47.6,11,367,Roofing,Where appear man couple wonder keep history director.,2.45,3.23,0.25,45.94,2024-06-11 20:44:27.784132
418,Galvanized Steel Sheet,fF758Ns,DimGray,Bar,True,6.37,21.85,7,284,Steel and Metal,Address prevent anyone record industry five.,1.05,4.45,0.83,42.37,2024-06-11 20:44:27.784132
419,High-Strength Concrete Mix,yc444HP,LightPink,Him,True,10.86,23.2,22,951,Concrete and Cement,Behavior fill perhaps which entire.,4.06,2.76,0.72,41.87,2024-06-11 20:44:27.784132
420,Asphalt Shingles,PI255nH,MediumAquaMarine,Low,False,21.9,33.57,13,421,Roofing,Road wife while by fear director dark environmental.,6.82,2.86,0.81,3.81,2024-06-11 20:44:27.784132
421,Reinforced Concrete Slab,qi508zK,GoldenRod,How,False,45.6,50.93,11,917,Concrete and Cement,Recognize effort produce always mean arm.,6.14,1.83,0.67,29.5,2024-06-11 20:44:27.784132
422,Rock Wool Insulation,LO445GG,SteelBlue,Never,False,38.58,50.45,18,183,Insulation,Night everyone arrive painting mother including skill especially.,2.22,4.93,0.5,38.75,2024-06-11 20:44:27.784132
423,Copper Plumbing Pipes,ju421py,RoyalBlue,Side,False,9.04,22.11,6,701,Steel and Metal,Believe reality better yourself service.,4.85,1.91,0.94,34.56,2024-06-11 20:44:27.785133
424,High-Strength Concrete Mix,YT303mj,MediumTurquoise,Writer,False,18.53,26.02,24,164,Concrete and Cement,Food mind western enough.,8.4,3.37,0.78,3.57,2024-06-11 20:44:27.785133
425,Lightweight Concrete Aggregate,Kc317UO,MediumSpringGreen,Arm,True,45.32,51.62,14,478,Concrete and Cement,Board last wife general trip explain.,1.99,3.93,0.89,8.09,2024-06-11 20:44:27.785133
426,Eco-Friendly Cinder Block,Uo071kF,MistyRose,Particularly,True,41.19,45.76,24,161,Bricks and Blocks,Wish him growth candidate become bank.,6.4,3.87,0.76,21.32,2024-06-11 20:44:27.785133
427,Reflective Foil Insulation,NH271SK,DarkSeaGreen,Hear,False,14.43,16.36,13,116,Insulation,Remain rise number goal.,9.48,4.06,0.74,30.04,2024-06-11 20:44:27.785133
428,Aluminum Roofing Panels,NI958DB,AliceBlue,Bar,True,33.53,37.5,26,186,Steel and Metal,Everyone now thought surface tax.,5.27,1.18,0.86,21.76,2024-06-11 20:44:27.785133
429,Cellulose Blown-In Insulation,pK824Sp,MistyRose,Turn,False,14.74,26.14,5,285,Insulation,Kitchen science test stand not.,7.87,2.61,0.38,47.87,2024-06-11 20:44:27.785133
430,Solar Roof Panels,IH427nm,MediumSlateBlue,Consider,False,7.3,16.06,13,575,Roofing,Deep among again different subject.,4.46,2.65,0.46,37.03,2024-06-11 20:44:27.785133
431,Spray Foam Insulation Kit,nH750Cf,Indigo,Difference,True,30.32,40.03,15,980,Insulation,Degree reason great drive.,3.77,2.42,0.4,21.31,2024-06-11 20:44:27.785133
432,Reflective Foil Insulation,xs434ti,PaleTurquoise,Dream,False,15.26,33.72,15,536,Insulation,Protect plant remain letter high.,8.81,4.94,0.24,27.9,2024-06-11 20:44:27.785133
433,Insulated Concrete Block,mF624FO,Beige,How,False,28.62,30.92,19,296,Bricks and Blocks,Serious certainly skin pick bed young.,5.66,1.41,0.78,22.46,2024-06-11 20:44:27.785133
434,Welded Wire Mesh,SX022xC,Gainsboro,Laugh,False,44.05,47.96,5,988,Steel and Metal,Treat nice miss chair return red leave.,2.66,4.16,0.19,48.59,2024-06-11 20:44:27.785133
435,Reflective Foil Insulation,QW653ZA,DarkViolet,Worker,False,17.95,26.64,18,357,Insulation,Type sport send huge through many enter.,3.18,2.13,0.27,30.14,2024-06-11 20:44:27.785133
436,Spray Foam Insulation Kit,tQ160El,LightCoral,Matter,True,15.84,17.19,17,48,Insulation,Trade pass month good.,2.5,2.25,0.67,37.21,2024-06-11 20:44:27.785133
437,High-Strength Concrete Mix,WZ411wl,GoldenRod,Factor,True,48.5,62.0,16,310,Concrete and Cement,Nor minute spend information line condition already.,7.11,3.66,0.71,48.34,2024-06-11 20:44:27.785133
438,High-Strength Concrete Mix,xq812lQ,SteelBlue,Law,True,23.25,33.92,7,952,Concrete and Cement,Sister by trip kid long best happy.,0.53,2.67,0.51,46.99,2024-06-11 20:44:27.785133
439,Welded Wire Mesh,vY129dS,DarkSeaGreen,Few,False,6.17,9.99,23,658,Steel and Metal,Drop share later kid religious east.,2.05,1.57,0.3,8.0,2024-06-11 20:44:27.786133
440,Copper Plumbing Pipes,Ao362RW,DarkKhaki,Through,True,41.44,55.55,25,943,Steel and Metal,Produce wide but method.,5.1,3.27,0.99,31.7,2024-06-11 20:44:27.786133
441,Architectural Clay Brick,PL160tc,MistyRose,Writer,False,35.62,37.77,29,551,Bricks and Blocks,Early join adult situation marriage his.,8.46,0.63,0.52,41.14,2024-06-11 20:44:27.786133
442,Asphalt Shingles,lu081rh,Purple,Question,True,9.18,17.34,19,879,Roofing,Prepare bad citizen stop.,6.91,4.87,0.25,24.22,2024-06-11 20:44:27.786133
443,Fiberglass Insulation Rolls,Pl001Jv,SeaGreen,Space,True,48.76,63.25,12,923,Insulation,Network turn clearly whatever study learn into less.,4.6,2.49,0.67,39.62,2024-06-11 20:44:27.786133
444,Waterproof Cement Coating,vg806tt,CornflowerBlue,Season,False,5.94,18.52,9,445,Concrete and Cement,One garden area catch sit you school.,7.8,2.81,0.89,30.9,2024-06-11 20:44:27.786133
445,Welded Wire Mesh,DG074dv,MediumSeaGreen,Top,True,28.59,44.48,23,294,Steel and Metal,Fast attack foot her.,4.28,3.48,0.64,47.86,2024-06-11 20:44:27.786133
446,Architectural Clay Brick,RS377Nf,Magenta,Recently,False,45.86,63.39,17,398,Bricks and Blocks,Six true respond read system risk appear.,8.81,1.18,0.88,30.43,2024-06-11 20:44:27.786133
447,Fiberglass Insulation Rolls,Zp834Dj,Aquamarine,Affect,True,19.82,34.82,9,895,Insulation,Before plant concern business.,9.24,3.45,0.72,47.7,2024-06-11 20:44:27.786133
448,Rock Wool Insulation,HG480Xs,Teal,Hundred,False,38.59,46.06,26,634,Insulation,Feel somebody end ready right public.,2.15,4.82,0.62,9.55,2024-06-11 20:44:27.786133
449,Welded Wire Mesh,xn887On,Thistle,Leg,False,15.34,25.95,8,878,Steel and Metal,Eight father dinner each baby whole.,4.72,1.16,0.59,32.3,2024-06-11 20:44:27.786133
450,Asphalt Shingles,Vp850Gi,MediumOrchid,Society,False,31.99,33.92,24,475,Roofing,Land beautiful sister believe north.,7.72,0.97,0.33,45.26,2024-06-11 20:44:27.786133
451,Aluminum Roofing Panels,KU290hQ,AliceBlue,Under,False,30.23,43.46,6,664,Steel and Metal,Tree professional goal quickly.,0.74,3.1,0.24,48.05,2024-06-11 20:44:27.786133
452,Architectural Clay Brick,IG106qT,DarkGray,Computer,False,23.18,37.68,23,809,Bricks and Blocks,National moment moment into when.,4.79,2.31,0.25,20.78,2024-06-11 20:44:27.786133
453,Metal Roof Tiles,zj913gr,LightSkyBlue,Matter,True,41.94,54.17,28,84,Roofing,They series understand she require later.,2.6,3.39,0.26,47.49,2024-06-11 20:44:27.786133
454,Designer Paving Stones,EQ397PU,Salmon,Reflect,False,38.98,42.24,6,728,Bricks and Blocks,Until moment pull.,6.19,1.2,0.74,38.24,2024-06-11 20:44:27.786133
455,Classic Red Brick,pv060FL,Linen,Himself,False,45.28,60.3,7,534,Bricks and Blocks,Citizen off husband finish help democratic make add.,5.33,4.42,0.16,8.32,2024-06-11 20:44:27.786133
456,Eco-Friendly Cinder Block,kZ704nF,WhiteSmoke,Probably,True,30.41,47.51,15,619,Bricks and Blocks,Note food according create guy.,7.5,1.3,0.66,5.72,2024-06-11 20:44:27.786133
457,Metal Roof Tiles,bf378Xq,DarkOliveGreen,Off,False,8.99,13.8,25,852,Roofing,Artist here population stand.,0.77,1.99,0.84,44.41,2024-06-11 20:44:27.787197
458,Waterproof Cement Coating,Uy149LA,Navy,Improve,False,32.51,39.14,22,476,Concrete and Cement,Home reduce create check recognize create.,1.19,4.69,0.4,32.23,2024-06-11 20:44:27.787197
459,Welded Wire Mesh,KY119Co,Thistle,Service,False,35.83,45.28,3,590,Steel and Metal,Book through leader.,3.57,4.36,0.76,19.98,2024-06-11 20:44:27.787197
460,Welded Wire Mesh,Kx873Nr,LightGray,Know,False,35.61,48.03,18,440,Steel and Metal,Cover investment understand in.,4.21,2.01,0.41,36.69,2024-06-11 20:44:27.787197
461,Stainless Steel Rods,hu777OU,Aquamarine,Right,True,8.24,14.64,23,824,Steel and Metal,Less performance heavy tell development father live.,4.94,1.97,0.19,3.33,2024-06-11 20:44:27.787197
462,Solar Roof Panels,YC328LI,LawnGreen,Sport,False,44.68,59.89,15,753,Roofing,Your tell free view.,4.02,1.47,0.3,18.49,2024-06-11 20:44:27.787197
463,Synthetic Slate Roofing,jK082Za,LightSteelBlue,Act,True,13.31,32.28,20,904,Roofing,Face lose same western put lay former.,7.16,4.44,0.74,2.01,2024-06-11 20:44:27.787197
464,Eco-Friendly Cinder Block,Ln371Kf,DarkRed,Television,False,27.16,29.49,21,531,Bricks and Blocks,What firm admit magazine.,7.94,4.02,0.1,7.17,2024-06-11 20:44:27.787197
465,Reflective Foil Insulation,PI534YC,Purple,Company,True,26.06,30.03,14,876,Insulation,Movement possible stand near west.,9.18,0.74,0.85,49.34,2024-06-11 20:44:27.787197
466,Clay Roof Shingles,oY063ip,GoldenRod,Again,False,33.16,35.0,29,535,Roofing,Second nearly majority half.,0.81,1.51,0.11,25.26,2024-06-11 20:44:27.787197
467,Designer Paving Stones,tS007hZ,Gray,Near,False,38.39,44.89,14,206,Bricks and Blocks,Court leg myself thing enter inside friend.,4.76,2.44,0.41,12.12,2024-06-11 20:44:27.787197
468,Synthetic Slate Roofing,Tr046XU,HotPink,Certain,False,39.77,54.54,11,269,Roofing,Other call machine.,4.15,4.24,0.84,25.17,2024-06-11 20:44:27.787197
469,Aluminum Roofing Panels,iO767jh,Red,Follow,True,30.07,38.65,29,837,Steel and Metal,Discuss top decision four girl.,9.98,3.6,0.12,6.78,2024-06-11 20:44:27.787197
470,Copper Plumbing Pipes,te427cM,SlateGray,Population,False,12.99,30.27,12,85,Steel and Metal,Hot make hear national himself window hold.,8.1,0.64,0.32,31.31,2024-06-11 20:44:27.787197
471,Copper Plumbing Pipes,CR226wF,YellowGreen,Indicate,True,45.75,53.68,28,172,Steel and Metal,Evidence gun more trial.,6.4,1.23,0.87,10.93,2024-06-11 20:44:27.787197
472,Metal Roof Tiles,gC195NN,Blue,Together,False,22.64,39.83,5,490,Roofing,Civil hot full free discover road.,5.63,4.3,0.2,10.14,2024-06-11 20:44:27.787197
473,Rock Wool Insulation,Ss143Kz,Lavender,Prove,False,6.82,18.49,30,753,Insulation,Professor nor culture image table.,3.11,1.04,0.38,23.12,2024-06-11 20:44:27.788693
474,Rock Wool Insulation,dV497Zl,LemonChiffon,Among,True,8.14,18.02,20,187,Insulation,Poor open strategy send course.,4.73,1.85,0.92,43.81,2024-06-11 20:44:27.788693
475,Insulated Concrete Block,Qd225wl,DarkOliveGreen,Produce,False,31.07,42.75,30,545,Bricks and Blocks,Condition political imagine.,9.45,3.69,0.75,14.8,2024-06-11 20:44:27.788693
476,Classic Red Brick,qx789Na,Azure,Interview,False,10.29,24.89,23,425,Bricks and Blocks,Particularly throw sort and.,3.47,4.99,0.53,33.36,2024-06-11 20:44:27.788693
477,Reinforced Concrete Slab,ft754Xm,Cornsilk,He,False,29.38,35.64,18,158,Concrete and Cement,Daughter interest dinner tax authority cover foot.,2.62,2.3,0.16,6.04,2024-06-11 20:44:27.788693
478,Architectural Clay Brick,tU969ne,Blue,Tend,False,17.14,19.05,24,885,Bricks and Blocks,All boy ask everybody money summer.,6.2,3.81,0.47,20.37,2024-06-11 20:44:27.788693
479,Reflective Foil Insulation,pi520Tw,RoyalBlue,Forward,True,15.96,18.01,10,413,Insulation,Number begin enough marriage professor arrive.,7.78,1.94,0.34,13.12,2024-06-11 20:44:27.788693
480,Insulated Concrete Block,xN609Kh,Cyan,Skill,True,33.42,39.1,7,97,Bricks and Blocks,Fish within whole trade cup.,9.01,4.16,0.56,47.95,2024-06-11 20:44:27.788693
481,Galvanized Steel Sheet,Fo519eT,CornflowerBlue,Indicate,False,43.67,57.68,17,613,Steel and Metal,Civil part concern remain doctor.,4.9,3.48,0.15,33.62,2024-06-11 20:44:27.788693
482,Solar Roof Panels,QA792is,Chocolate,Rather,True,27.43,33.39,26,672,Roofing,Almost direction begin much.,0.7,4.59,0.19,46.76,2024-06-11 20:44:27.788693
483,High-Strength Concrete Mix,Rc203Gh,ForestGreen,Down,False,33.05,37.85,10,671,Concrete and Cement,Analysis term manager myself mother majority stage.,5.2,0.82,0.87,44.61,2024-06-11 20:44:27.788693
484,Rock Wool Insulation,RB616YM,Violet,Activity,True,31.21,48.2,19,753,Insulation,House result beautiful source even strong.,9.23,1.32,0.21,19.57,2024-06-11 20:44:27.788693
485,Fiberglass Insulation Rolls,Jm127Nm,Moccasin,Focus,True,49.97,67.42,4,808,Insulation,Eat boy interesting democratic a charge.,3.99,1.68,0.58,22.69,2024-06-11 20:44:27.788693
486,Spray Foam Insulation Kit,Re461XY,LightSteelBlue,Chair,False,35.86,50.0,14,809,Insulation,Hospital treatment decide very water.,0.72,2.47,0.5,44.74,2024-06-11 20:44:27.788693
487,Aluminum Roofing Panels,Ma950TC,MediumVioletRed,May,True,49.67,68.32,6,924,Steel and Metal,Military north everything true.,5.89,0.76,0.81,49.84,2024-06-11 20:44:27.788693
488,High-Strength Concrete Mix,zd325YI,Olive,Establish,False,29.0,30.08,18,765,Concrete and Cement,Site ok team real there speech garden.,2.71,2.72,0.24,47.11,2024-06-11 20:44:27.789882
489,Reinforced Concrete Slab,pT293YM,Teal,Attorney,True,29.28,41.21,10,974,Concrete and Cement,On fast move young.,5.49,3.24,0.72,34.61,2024-06-11 20:44:27.789882
490,Asphalt Shingles,qU766iH,LightYellow,Issue,True,42.52,54.11,7,605,Roofing,Tree white left garden once.,3.83,1.69,0.96,17.94,2024-06-11 20:44:27.789882
491,Solar Roof Panels,rS156Zj,MediumOrchid,Easy,True,34.4,45.88,5,700,Roofing,Outside cover network scientist measure however brother size.,0.82,3.03,0.94,27.8,2024-06-11 20:44:27.789882
492,Reflective Foil Insulation,De231TZ,LemonChiffon,Free,True,45.3,62.04,23,154,Insulation,Author crime modern worker.,1.19,4.98,0.43,25.86,2024-06-11 20:44:27.789882
493,Metal Roof Tiles,wq155DS,Blue,Inside,False,42.66,61.74,16,814,Roofing,Next total agency pretty language run benefit.,7.68,3.01,0.69,8.8,2024-06-11 20:44:27.789882
494,Waterproof Cement Coating,TF220pZ,DarkViolet,Deep,True,19.96,31.99,3,403,Concrete and Cement,Pattern hear meeting pressure positive.,8.74,1.62,0.95,2.18,2024-06-11 20:44:27.789882
495,Classic Red Brick,wJ624lE,Ivory,Reflect,True,28.12,47.57,25,471,Bricks and Blocks,Although area paper American painting pressure.,2.67,2.82,0.68,43.25,2024-06-11 20:44:27.789882
496,Spray Foam Insulation Kit,cc408Zh,MediumAquaMarine,Sign,True,22.78,37.93,24,430,Insulation,Board season performance Congress.,6.09,0.74,0.18,43.65,2024-06-11 20:44:27.789882
497,Clay Roof Shingles,zI249Uk,LightSeaGreen,Throughout,True,8.04,25.55,21,103,Roofing,Long scene pull answer bring well.,9.07,4.02,0.8,22.37,2024-06-11 20:44:27.789882
498,Galvanized Steel Sheet,dR051aF,Bisque,Player,False,40.5,45.12,22,997,Steel and Metal,Wrong billion she go treatment.,3.39,3.27,0.68,16.25,2024-06-11 20:44:27.789882
499,Insulated Concrete Block,qz043Qh,PaleGoldenRod,Plan,True,36.73,51.03,14,608,Bricks and Blocks,Truth special standard central finish late.,5.24,4.85,0.67,7.21,2024-06-11 20:44:27.789882
500,Solar Roof Panels,fS361dK,Green,Method,False,46.32,51.49,24,560,Roofing,Sure newspaper apply.,1.33,4.7,0.45,34.62,2024-06-11 20:44:27.789882
